rank,wordform,count,per_million
1,уи,4203,7424.7
2,рыԥсҭазаара,4030,7119.1
3,иит,3987,7043.1
4,иалҵит,3982,7034.3
5,лаҵарамза,3892,6875.3
6,жәабранмза,3853,6806.4
7,хәажәкырамза,3849,6799.3
8,ԥхынҷкәынмза,3832,6769.3
9,мшаԥымза,3830,6765.8
10,абҵарамза,3827,6760.5
11,нанҳәамза,3824,6755.2
12,цәыббрамза,3821,6749.9
13,жьҭаарамза,3819,6746.3
14,рашәарамза,3815,6739.3
15,ажьырныҳәамза,3804,6719.8
16,ԥхынгәымза,3800,6712.8
17,ахҭысқ,3603,6364.8
18,иара,3123,5516.8
19,тәи,2504,4423.4
20,рзы,2355,4160.2
21,шықәса,2267,4004.7
22,шықәсазы,2207,3898.7
23,на,2133,3768.0
24,аԥсны,2056,3632.0
25,перенаправление,1979,3495.9
26,ҳәа,1917,3386.4
27,аҟны,1747,3086.1
28,ала,1646,2907.7
29,ари,1628,2875.9
30,аҿы,1582,2794.6
31,убас,1579,2789.3
32,урҭ,1579,2789.3
33,аха,1440,2543.8
34,ахьӡ,1372,2423.7
35,азы,1322,2335.3
36,рыла,1272,2247.0
37,ауп,1186,2095.1
38,ду,1178,2081.0
39,зегьы,1173,2072.1
40,аԥсуа,1142,2017.4
41,атекст,1102,1946.7
42,ашықәс,1072,1893.7
43,иҟоу,981,1733.0
44,рҿы,977,1725.9
45,аҟәа,968,1710.0
46,для,938,1657.0
47,не,923,1630.5
48,амш,896,1582.8
49,по,873,1542.2
50,бызшәа,870,1536.9
51,ауаа,869,1535.1
52,ашаблон,863,1524.5
53,иҟаз,800,1413.2
54,агерб,796,1406.1
55,ирызку,778,1374.4
56,ашьҭахь,750,1324.9
57,еиԥш,746,1317.8
58,адаҟьа,739,1305.5
59,ашықәсқәа,730,1289.6
60,иҟоуп,719,1270.1
61,азгәаҭақәа,708,1250.7
62,инаркны,706,1247.2
63,аус,702,1240.1
64,змоу,672,1187.1
65,зегь,661,1167.7
66,агимн,660,1165.9
67,убри,655,1157.1
68,азхьарԥшқәа,648,1144.7
69,ақалақь,648,1144.7
70,абираҟ,624,1102.3
71,акатегориа,601,1061.7
72,қырҭтәыла,595,1051.1
73,аҳәынҭқарра,591,1044.0
74,аҳ,582,1028.1
75,язык,568,1003.4
76,аибашьра,560,989.3
77,раан,536,946.9
78,насгьы,535,945.1
79,ахҭысқәа,530,936.3
80,аҳәынҭқарратә,526,929.2
81,ауахәама,523,923.9
82,если,522,922.1
83,или,520,918.6
84,ақыҭа,517,913.3
85,шәахә,511,902.7
86,анаҩс,508,897.4
87,раԥхьатәи,503,888.6
88,ашәышықәса,500,883.3
89,аамҭазы,498,879.7
90,амодуль,496,876.2
91,рыбжьара,495,874.4
92,аурыс,492,869.1
93,урыстәыла,492,869.1
94,амаҵураҭыԥ,492,869.1
95,даара,491,867.4
96,аҟынтә,490,865.6
97,ихьӡ,489,863.8
98,ахыԥхьаӡара,488,862.1
99,ахархәара,481,849.7
100,статьи,473,835.6
101,аҭыԥ,471,832.0
102,аҭоурых,470,830.3
103,араион,470,830.3
104,года,466,823.2
105,азқьышықәса,466,823.2
106,аҩыратә,453,800.2
107,мшы,452,798.5
108,егьырҭ,450,794.9
109,ахь,450,794.9
110,актәи,434,766.7
111,жәлар,434,766.7
112,ҿыц,427,754.3
113,астил,423,747.2
114,рҟынӡа,419,740.2
115,алитература,418,738.4
116,еиҳа,418,738.4
117,из,418,738.4
118,адунеи,418,738.4
119,иалагеит,415,733.1
120,амаҵурауаҩ,414,731.3
121,диит,410,724.3
122,еиуеиԥшым,406,717.2
123,абри,406,717.2
124,шаблон,406,717.2
125,еиду,405,715.4
126,мамзаргьы,404,713.7
127,ахьарԥшқәа,403,711.9
128,ахада,398,703.1
129,амзар,398,703.1
130,америкатәи,397,701.3
131,аамҭа,394,696.0
132,акыр,394,696.0
133,иаанхоит,394,696.0
134,кириллтәи,392,692.5
135,рҟны,391,690.7
136,как,391,690.7
137,иҟан,390,688.9
138,даҽа,384,678.3
139,странице,384,678.3
140,атәыла,382,674.8
141,хада,381,673.0
142,аҩбатәи,373,658.9
143,апрезидент,370,653.6
144,жәларбжьаратәи,370,653.6
145,анҵәамҭанӡа,370,653.6
146,наполеон,370,653.6
147,григориантәи,369,651.8
148,акәын,363,641.2
149,список,359,634.2
150,зху,358,632.4
151,ҩык,355,627.1
152,уҳәа,348,614.7
153,от,347,613.0
154,ма,346,611.2
155,ус,345,609.4
156,убасгьы,341,602.4
157,ареспублика,339,598.8
158,ауаҩы,335,591.8
159,атәылақәа,332,586.5
160,ауааԥсыра,330,583.0
161,дара,328,579.4
162,рхы,327,577.7
163,аҟнытә,326,575.9
164,змаз,325,574.1
165,аан,325,574.1
166,при,319,563.5
167,гьаргь,318,561.8
168,акласс,315,556.5
169,ар,314,554.7
170,амшын,313,552.9
171,нбан,313,552.9
172,вы,312,551.2
173,ахы,311,549.4
174,участник,311,549.4
175,см,309,545.9
176,что,308,544.1
177,рыҟны,306,540.6
178,аофициалтә,305,538.8
179,википедия,304,537.0
180,википедии,302,533.5
181,аҩадатәи,300,530.0
182,ссср,300,530.0
183,иԥсҭазаара,298,526.4
184,аԥснытәи,295,521.1
185,атеатр,291,514.1
186,шш,290,512.3
187,бзиа,290,512.3
188,реиҳа,290,512.3
189,асовет,290,512.3
190,аҳра,290,512.3
191,рахь,288,508.8
192,адунеизегьтәи,288,508.8
193,иахҟьаны,287,507.0
194,будет,285,503.5
195,используя,283,499.9
196,также,282,498.2
197,аҵара,275,485.8
198,ақырҭуа,274,484.0
199,текст,273,482.3
200,отправил,272,480.5
201,аԥсуаа,270,477.0
202,ииз,270,477.0
203,аладатәи,269,475.2
204,аԥыза-министр,267,471.7
205,абаа,265,468.1
206,урыстәылатәи,264,466.4
207,цезар,264,466.4
208,арҭ,260,459.3
209,еицырдыруа,258,455.8
210,без,258,455.8
211,дыҟан,256,452.2
212,страницы,253,446.9
213,европа,250,441.6
214,аҟәатәи,249,439.9
215,арратә,249,439.9
216,афаил,246,434.6
217,гәлиа,246,434.6
218,абиографиа,245,432.8
219,рхыԥхьаӡара,244,431.0
220,параметр,243,429.3
221,аҵыхәтәантәи,242,427.5
222,уа,241,425.7
223,амилаҭтә,240,424.0
224,амоуп,238,420.4
225,аиҿкаара,238,420.4
226,шаблона,238,420.4
227,ас,236,416.9
228,ихы,234,413.4
229,асахь,234,413.4
230,аԥхьа,232,409.8
231,аусура,231,408.1
232,хьӡы,231,408.1
233,то,230,406.3
234,раԥхьаӡа,228,402.8
235,можно,227,401.0
236,мацара,226,399.2
237,обсуждение,226,399.2
238,институт,225,397.5
239,лара,225,397.5
240,чтобы,224,395.7
241,например,224,395.7
242,атәы,223,393.9
243,анцәа,221,390.4
244,михаил,220,388.6
245,км,219,386.9
246,иҟалаз,217,383.3
247,франциа,217,383.3
248,мап,216,381.6
249,москва,216,381.6
250,быть,215,379.8
251,аштатқәа,215,379.8
252,очамчыра,214,378.0
253,шықәсқәа,214,378.0
254,аҟынтәи,212,374.5
255,островски,211,372.7
256,адура,210,371.0
257,до,209,369.2
258,за,208,367.4
259,ихадоу,207,365.7
260,театр,206,363.9
261,иҟалеит,206,363.9
262,рахьтә,205,362.1
263,ашәышықәсазы,205,362.1
264,его,202,356.8
265,роуп,201,355.1
266,раԥхьа,201,355.1
267,америка,201,355.1
268,аимпериа,199,351.5
269,ашә,197,348.0
270,аҭоурыхтә,197,348.0
271,аполитикатә,196,346.2
272,азин,193,340.9
273,арегион,191,337.4
274,избанзар,190,335.6
275,ашәышықәсақәа,188,332.1
276,аҭынха,188,332.1
277,ажәлар,188,332.1
278,илл,186,328.6
279,еиҳарак,185,326.8
280,иареи,185,326.8
281,уаҟа,185,326.8
282,ыҟоуп,184,325.0
283,ахьыӡқәа,183,323.3
284,аныхабаа,183,323.3
285,ссылки,182,321.5
286,ажәытәӡатәи,182,321.5
287,римтәи,181,319.7
288,чачба,181,319.7
289,аргылара,181,319.7
290,аӡиас,180,318.0
291,том,180,318.0
292,реиԥш,179,316.2
293,иаб,179,316.2
294,усҟан,179,316.2
295,но,179,316.2
296,ара,178,314.4
297,иреиҳаӡоу,178,314.4
298,аҭагылазаашьа,177,312.7
299,метрополитен,177,312.7
300,сара,175,309.1
301,ҟалаанӡа,175,309.1
302,еибашьра,174,307.4
303,асоветтә,174,307.4
304,республика,173,305.6
305,адгьыл,173,305.6
306,иунеско,172,303.8
307,название,171,302.1
308,движения,170,300.3
309,аусқәа,169,298.5
310,иԥа,169,298.5
311,иаҵанакуеит,168,296.8
312,ажәа,167,295.0
313,административтә,166,293.2
314,ацәаҳәа,166,293.2
315,абас,164,289.7
316,аиҳабыра,164,289.7
317,напхгара,163,287.9
318,аҭауад,162,286.2
319,иахьа,162,286.2
320,аҵакырацәара,162,286.2
321,азгәаҭа,162,286.2
322,аҟынӡа,160,282.6
323,амчра,160,282.6
324,де,160,282.6
325,иахьатәи,159,280.9
326,анырра,159,280.9
327,ҩажәи,159,280.9
328,викимедиа,159,280.9
329,языка,158,279.1
330,акәзар,157,277.3
331,аҿиара,156,275.6
332,акультуратә,156,275.6
333,так,156,275.6
334,аҳкәажә,156,275.6
335,ашәҟәы,155,273.8
336,иаҵанакуа,154,272.0
337,аҳәынҭқаррақәа,154,272.0
338,абызшәақәа,153,270.3
339,ахәыҷқәа,153,270.3
340,ахԥатәи,153,270.3
341,акәны,152,268.5
342,иуан,152,268.5
343,нас,152,268.5
344,асахьа,152,268.5
345,адунеитә,151,266.7
346,рҟынтәи,151,266.7
347,комитет,151,266.7
348,пиотр,151,266.7
349,амилаҭқәа,150,265.0
350,александр,149,263.2
351,ақалақьқәа,148,261.4
352,ҳера,148,261.4
353,дуқәа,148,261.4
354,ауаажәларратә,148,261.4
355,абхазии,148,261.4
356,об,147,259.7
357,лассы-лассы,147,259.7
358,москватәи,147,259.7
359,абызшәа,147,259.7
360,еаа,147,259.7
361,иамоуп,146,257.9
362,ажәытә,146,257.9
363,ихаҭыԥуаҩ,146,257.9
364,аман,146,257.9
365,ахцәажәара,145,256.1
366,қарҭ,145,256.1
367,реиҿкаара,145,256.1
368,другие,145,256.1
369,ракәын,144,254.4
370,языке,144,254.4
371,кавказтәи,143,252.6
372,гәдоуҭа,143,252.6
373,используется,143,252.6
374,англыз,142,250.8
375,иԥҳәыс,142,250.8
376,есть,142,250.8
377,амаҵура,141,249.1
378,бызшәала,141,249.1
379,акрызҵазкуа,141,249.1
380,часть,141,249.1
381,владимир,141,249.1
382,хьыӡқәа,141,249.1
383,леонардо,140,247.3
384,адемократиатә,140,247.3
385,мраҭашәаратәи,139,245.5
386,аҭыԥантәи,139,245.5
387,ашҟа,139,245.5
388,только,138,243.8
389,кавказ,138,243.8
390,иоуп,138,243.8
391,апоет,138,243.8
392,иаҳҳәап,138,243.8
393,ахантәаҩы,138,243.8
394,аҳҭнықалақь,137,242.0
395,ацқьа,137,242.0
396,азиа,137,242.0
397,германиа,137,242.0
398,параметры,137,242.0
399,более,137,242.0
400,система,136,240.2
401,ауниверситет,136,240.2
402,изображение,136,240.2
403,изображения,135,238.5
404,может,135,238.5
405,статья,135,238.5
406,статей,134,236.7
407,бызшәақәа,134,236.7
408,после,134,236.7
409,иазку,133,234.9
410,иазкны,133,234.9
411,ароль,132,233.2
412,далҵит,132,233.2
413,использовать,132,233.2
414,африка,132,233.2
415,бр,132,233.2
416,аиааира,131,231.4
417,ҭырқәтәыла,131,231.4
418,страниц,131,231.4
419,во,131,231.4
420,гагра,130,229.6
421,италиа,130,229.6
422,можете,130,229.6
423,ссылка,130,229.6
424,рҟынтә,129,227.9
425,аимператор,128,226.1
426,авикипедиа,127,224.3
427,ҳәынҭқарра,127,224.3
428,первый,127,224.3
429,еснагь,126,222.6
430,иан,126,222.6
431,акрал,125,220.8
432,леуан,125,220.8
433,ицәырҵит,124,219.0
434,ахәҭа,124,219.0
435,аԥсҳа,124,219.0
436,раасҭа,124,219.0
437,иарбану,124,219.0
438,аӡы,123,217.3
439,европатәи,123,217.3
440,дҭалоит,123,217.3
441,ақыҭан,123,217.3
442,акьыԥхь,123,217.3
443,акы,123,217.3
444,кәтол,123,217.3
445,ԥҳәысс,123,217.3
446,анапхгара,122,215.5
447,хыԥхьаӡара,122,215.5
448,николаи,122,215.5
449,уб,121,213.7
450,дыԥсит,121,213.7
451,еидгыла,121,213.7
452,баграт,120,212.0
453,инақәыршәаны,120,212.0
454,ҩба,119,210.2
455,мрагыларатәи,119,210.2
456,ҟаиҵеит,119,210.2
457,аберҭыԥ,119,210.2
458,аҟазара,118,208.4
459,аихамҩа,118,208.4
460,аобиектқәа,118,208.4
461,автор,118,208.4
462,ашәҟәыҩҩы,118,208.4
463,их,118,208.4
464,могут,118,208.4
465,же,118,208.4
466,ахадара,117,206.7
467,аопера,117,206.7
468,шықәсанӡа,117,206.7
469,ҿыцқәа,117,206.7
470,будут,117,206.7
471,рацәала,116,204.9
472,аҩныҵҟатәи,116,204.9
473,мы,116,204.9
474,аполитика,115,203.1
475,аҭыԥқәа,115,203.1
476,ашкол,115,203.1
477,афранцыз,115,203.1
478,код,115,203.1
479,параметра,115,203.1
480,адыррақәа,114,201.4
481,аҳцәа,114,201.4
482,аинститут,113,199.6
483,абжьаратәи,113,199.6
484,инапы,113,199.6
485,далагеит,113,199.6
486,все,113,199.6
487,борис,113,199.6
488,реизара,112,197.9
489,усҟантәи,112,197.9
490,шьаҭас,112,197.9
491,категории,112,197.9
492,ацхыраара,111,196.1
493,акультура,111,196.1
494,аҭҵаарадырратә,111,196.1
495,иоуит,111,196.1
496,страница,111,196.1
497,анышә,110,194.3
498,аҳәса,110,194.3
499,искандер,110,194.3
500,алшоит,110,194.3
501,аԥсҭазаара,110,194.3
502,ҷыдала,110,194.3
503,адгьылбжьахақәа,110,194.3
504,англиа,110,194.3
505,шеқспир,110,194.3
506,ахыбра,109,192.6
507,иаланхо,109,192.6
508,британиа,109,192.6
509,аҵакырадгьыл,108,190.8
510,асср,108,190.8
511,адәныҟатәи,108,190.8
512,асоциалтә,108,190.8
513,аҳабла,108,190.8
514,аҳәынҭқарԥҳәыс,108,190.8
515,афото,107,189.0
516,амҩа,107,189.0
517,рыман,107,189.0
518,обсуждения,107,189.0
519,аамҭақәа,106,187.3
520,ӷәӷәа,106,187.3
521,мм,106,187.3
522,иахь,106,187.3
523,аԥсра,106,187.3
524,ахеилак,106,187.3
525,жьҭаара,106,187.3
526,файл,106,187.3
527,которые,106,187.3
528,отелло,106,187.3
529,аиуит,105,185.5
530,азакәан,105,185.5
531,уахь,105,185.5
532,под,105,185.5
533,всех,105,185.5
534,аԥҵара,105,185.5
535,ҳаамҭазтәи,105,185.5
536,сср,104,183.7
537,ажәытәтәи,104,183.7
538,иу,104,183.7
539,со,104,183.7
540,анатуралтә,104,183.7
541,тяга,104,183.7
542,игәы,103,182.0
543,гәыԥ,103,182.0
544,рымоуп,103,182.0
545,время,103,182.0
546,иабзоураны,102,180.2
547,иҷыдоу,102,180.2
548,аланхо,102,180.2
549,ҵаҟатәи,102,180.2
550,следует,102,180.2
551,аӡәырҩы,102,180.2
552,иашьа,102,180.2
553,текста,102,180.2
554,шара,101,178.4
555,университет,101,178.4
556,литература,101,178.4
557,дырмит,101,178.4
558,архәҭақәа,101,178.4
559,кармен,101,178.4
560,аԥҳәыс,100,176.7
561,ашьха,100,176.7
562,иман,100,176.7
563,абара,100,176.7
564,алашара,100,176.7
565,лакоба,99,174.9
566,зынӡа,99,174.9
567,иалкаау,99,174.9
568,гамсахурдиа,99,174.9
569,алитературатә,99,174.9
570,аҳәаақәа,98,173.1
571,аформа,98,173.1
572,аҭаацәара,98,173.1
573,ажәларқәа,98,173.1
574,аџьар,98,173.1
575,рашәара,98,173.1
576,қьырса,98,173.1
577,хәажәкыра,97,171.4
578,иадҳәалоу,97,171.4
579,италиатәи,97,171.4
580,да,97,171.4
581,аганахьала,97,171.4
582,инхоз,96,169.6
583,хыхьтәи,96,169.6
584,ихаҭа,96,169.6
585,дуӡӡа,96,169.6
586,издателя,96,169.6
587,араҟа,95,167.8
588,аларҵәара,95,167.8
589,анна,95,167.8
590,ль,95,167.8
591,имҩаԥысит,94,166.1
592,части,94,166.1
593,случае,94,166.1
594,аҵарауаа,94,166.1
595,акырӡа,94,166.1
596,аҵаҟа,94,166.1
597,абҵара,94,166.1
598,ахәҭаҷ,94,166.1
599,аҩӡба,94,166.1
600,трамвай,94,166.1
601,агхақәа,94,166.1
602,аҵакы,93,164.3
603,иԥхьаӡоуп,93,164.3
604,рышьҭахь,93,164.3
605,ҟазшьа,93,164.3
606,амаҵзура,93,164.3
607,ҟаԥшь,93,164.3
608,категория,93,164.3
609,аҩныҵҟа,92,162.5
610,заатәи,92,162.5
611,аиҳабы,92,162.5
612,аекономикатә,92,162.5
613,цәыббра,92,162.5
614,иаарласны,92,162.5
615,еар,92,162.5
616,ез,92,162.5
617,арӡынба,91,160.8
618,ахаҳә,91,160.8
619,иакәын,91,160.8
620,ҩыџьа,91,160.8
621,дҟалеит,91,160.8
622,аган,90,159.0
623,иреиуоуп,90,159.0
624,ҳара,90,159.0
625,абааш,90,159.0
626,того,90,159.0
627,аибашьрақәа,90,159.0
628,изы,89,157.2
629,иван,89,157.2
630,апиеса,89,157.2
631,имя,89,157.2
632,параметров,89,157.2
633,егь,88,155.5
634,анқәаб,88,155.5
635,афедерациа,88,155.5
636,агәра,88,155.5
637,иҩымҭақәа,88,155.5
638,аилазаара,88,155.5
639,далгоит,88,155.5
640,использования,88,155.5
641,участники,88,155.5
642,нет,88,155.5
643,амҵан,88,155.5
644,арыцхә,87,153.7
645,иреиҳау,87,153.7
646,хеилак,87,153.7
647,агубернатор,87,153.7
648,ареволиуциа,87,153.7
649,ауаажәларра,87,153.7
650,рим,87,153.7
651,аҳиԥа,87,153.7
652,адиан,87,153.7
653,аура,86,151.9
654,школ,86,151.9
655,инареиҳаны,86,151.9
656,страницу,86,151.9
657,аполитик,86,151.9
658,абиблиографиа,86,151.9
659,иҟалап,86,151.9
660,рсиа,86,151.9
661,иӡыз,86,151.9
662,диграф,86,151.9
663,еиқәа,85,150.2
664,ируакуп,85,150.2
665,абарҭ,85,150.2
666,ауеит,85,150.2
667,змам,85,150.2
668,иԥҳа,85,150.2
669,бызшәеи,85,150.2
670,ибзианы,85,150.2
671,иуҳәозар,85,150.2
672,азал,85,150.2
673,аиҭарҿиара,85,150.2
674,сша,85,150.2
675,шаблонов,85,150.2
676,аҩны,84,148.4
677,рацәаны,84,148.4
678,тҟәарчал,84,148.4
679,нанҳәа,84,148.4
680,мета-вики,84,148.4
681,совет,84,148.4
682,алфавит,83,146.6
683,имоуп,83,146.6
684,адырра,83,146.6
685,далгеит,83,146.6
686,алшара,83,146.6
687,лаҵара,83,146.6
688,номер,83,146.6
689,пример,83,146.6
690,гаи,83,146.6
691,активла,82,144.9
692,ирацәаны,82,144.9
693,адгылара,82,144.9
694,уаанӡа,82,144.9
695,рацәа,82,144.9
696,иҩуан,82,144.9
697,год,82,144.9
698,испаниа,82,144.9
699,ишоит,82,144.9
700,он,82,144.9
701,изображений,82,144.9
702,использование,82,144.9
703,соломон,82,144.9
704,иргылан,81,143.1
705,абжьаратә,81,143.1
706,иҟаҵаз,81,143.1
707,азҵаарақәа,81,143.1
708,ҟалоит,81,143.1
709,анагӡаратә,81,143.1
710,пожалуйста,81,143.1
711,ссылок,81,143.1
712,тә,81,143.1
713,вмс,81,143.1
714,бизе,81,143.1
715,фонд,80,141.3
716,агәаанагара,80,141.3
717,нызқьҩык,80,141.3
718,горки,80,141.3
719,париж,80,141.3
720,ҵакы,80,141.3
721,стиль,80,141.3
722,антисемитизм,80,141.3
723,стратегии,80,141.3
724,ахатәы,79,139.6
725,ҭагылазаашьа,79,139.6
726,инхо,79,139.6
727,усура,79,139.6
728,аҵиаақәа,79,139.6
729,аҳасабала,78,137.8
730,ҭынха,78,137.8
731,аиқәшаҳаҭра,78,137.8
732,акәымкәа,78,137.8
733,карл,78,137.8
734,между,78,137.8
735,других,78,137.8
736,анапхгаҩы,78,137.8
737,ҟалеит,78,137.8
738,книга,78,137.8
739,анаҩстәи,78,137.8
740,ра,78,137.8
741,шамахамзар,77,136.0
742,имҩаԥысуаз,77,136.0
743,далахәын,77,136.0
744,апартиа,77,136.0
745,аҳәынҭқар,77,136.0
746,азааигәара,77,136.0
747,иарбан,77,136.0
748,даҽакала,77,136.0
749,раԥхьаӡакәны,77,136.0
750,шәҟәыҩҩы,77,136.0
751,индиа,77,136.0
752,апроект,76,134.3
753,багаԥшь,76,134.3
754,сергеи,76,134.3
755,апремиа,76,134.3
756,хықәкыс,76,134.3
757,нарҭаа,76,134.3
758,истории,76,134.3
759,мысра,76,134.3
760,иури,76,134.3
761,толстои,76,134.3
762,перевод,76,134.3
763,хадақәа,75,132.5
764,хԥа,75,132.5
765,хадас,75,132.5
766,адагьы,75,132.5
767,ақьырсианра,75,132.5
768,ашәҟәыҩҩцәа,75,132.5
769,ауриацәа,75,132.5
770,ԥсҭазаара,75,132.5
771,лондон,75,132.5
772,здесь,75,132.5
773,метро,75,132.5
774,гь,75,132.5
775,попечителей,75,132.5
776,апарламент,74,130.7
777,алагамҭазы,74,130.7
778,ахара,74,130.7
779,иаразнак,74,130.7
780,еиҳаракгьы,74,130.7
781,руак,74,130.7
782,иҿыцу,74,130.7
783,қарҭли,74,130.7
784,ауахәаматә,74,130.7
785,иамоу,74,130.7
786,аҭара,74,130.7
787,иосиф,74,130.7
788,названия,74,130.7
789,статье,74,130.7
790,ир,73,129.0
791,ирацәоуп,73,129.0
792,культура,73,129.0
793,рҟнытә,73,129.0
794,должны,73,129.0
795,мчра,73,129.0
796,ақәгылара,73,129.0
797,агрба,73,129.0
798,акәхеит,73,129.0
799,голосования,73,129.0
800,содержание,73,129.0
801,адҩыла,73,129.0
802,иуԥылоит,72,127.2
803,егьырҭгьы,72,127.2
804,аганахь,72,127.2
805,аҟаҵара,72,127.2
806,агәыԥ,72,127.2
807,аҵарауаҩ,72,127.2
808,аԥара,72,127.2
809,выпуск,72,127.2
810,ицәырҵыз,72,127.2
811,британиатәи,72,127.2
812,трамп,72,127.2
813,станций,72,127.2
814,номера,72,127.2
815,уара,71,125.4
816,аҭырқәцәа,71,125.4
817,центр,71,125.4
818,азеиԥш,71,125.4
819,ахан,71,125.4
820,аҭынчра,71,125.4
821,даараӡа,71,125.4
822,хаҭала,71,125.4
823,ыҟан,71,125.4
824,населения,71,125.4
825,алхрақәа,71,125.4
826,проект,71,125.4
827,асахьақәа,71,125.4
828,книги,71,125.4
829,вместо,71,125.4
830,амраҭашәаратә,71,125.4
831,линия,71,125.4
832,мықәтәи,71,125.4
833,анҵәамҭазы,70,123.7
834,ахәҭаҿы,70,123.7
835,ҷанба,70,123.7
836,азҵаара,70,123.7
837,аҟәша,70,123.7
838,ақьырсиантә,70,123.7
839,реидгыла,70,123.7
840,лев,70,123.7
841,ажурнал,70,123.7
842,когда,70,123.7
843,вас,70,123.7
844,горбачиов,70,123.7
845,амедиавики,69,121.9
846,шықәсык,69,121.9
847,ҭыԥ,69,121.9
848,рыҩныҵҟа,69,121.9
849,константин,69,121.9
850,имҩаԥгаз,69,121.9
851,аҽны,69,121.9
852,аинрал,69,121.9
853,ажәақәа,69,121.9
854,атәылаҿацә,69,121.9
855,участников,69,121.9
856,аасҭа,69,121.9
857,адгьылбжьаха,69,121.9
858,иргылоуп,69,121.9
859,агәабзиарахьчара,68,120.1
860,михаил-иԥа,68,120.1
861,амҳаџьырра,68,120.1
862,қырҭтәылатәи,68,120.1
863,ирыхҟьаны,68,120.1
864,разделе,68,120.1
865,аинформациа,68,120.1
866,ҳаҭыр,68,120.1
867,иалалеит,68,120.1
868,они,68,120.1
869,марр,68,120.1
870,иҟаиҵаз,67,118.4
871,ргәы,67,118.4
872,иҭыҵит,67,118.4
873,нужно,67,118.4
874,шәҟәқәа,67,118.4
875,рнапы,67,118.4
876,ааԥхьара,67,118.4
877,иапониа,67,118.4
878,спб,67,118.4
879,вам,67,118.4
880,ареволиуциатә,67,118.4
881,ниу-иорк,67,118.4
882,атомтә,67,118.4
883,хозе,67,118.4
884,реиҳарак,66,116.6
885,иаԥҵан,66,116.6
886,аишьҭагылашьа,66,116.6
887,партиа,66,116.6
888,автономтә,66,116.6
889,абаҟа,66,116.6
890,изышьҭоу,66,116.6
891,шаблоны,66,116.6
892,асцена,66,116.6
893,участие,66,116.6
894,макиавелли,66,116.6
895,архитектура,65,114.8
896,зураб,65,114.8
897,ирымаз,65,114.8
898,анемец,65,114.8
899,амч,65,114.8
900,переписи,65,114.8
901,ельцин,65,114.8
902,иԥшьоу,65,114.8
903,значение,65,114.8
904,асценаҿы,65,114.8
905,аиҿкаарақәа,65,114.8
906,устава,65,114.8
907,жәпакы,64,113.1
908,османтәи,64,113.1
909,иманы,64,113.1
910,алитературеи,64,113.1
911,аҭоурыхи,64,113.1
912,рҭоурых,64,113.1
913,аԥсабара,64,113.1
914,зхы,64,113.1
915,ашәа,64,113.1
916,андреи,64,113.1
917,раахыс,64,113.1
918,имени,64,113.1
919,используйте,64,113.1
920,хь,64,113.1
921,жәабран,64,113.1
922,рамзар,64,113.1
923,миллионҩык,64,113.1
924,поведения,64,113.1
925,примеры,64,113.1
926,аҵыхәтәаны,64,113.1
927,мартин,64,113.1
928,параметре,64,113.1
929,иаԥҵаз,63,111.3
930,иаҳасабала,63,111.3
931,факультет,63,111.3
932,алагьы,63,111.3
933,еицырдыруаз,63,111.3
934,ҷлоу,63,111.3
935,раԥхьаӡатәи,63,111.3
936,над,63,111.3
937,аӡәы,63,111.3
938,аспектакль,63,111.3
939,голосование,63,111.3
940,иопера,63,111.3
941,винчи,63,111.3
942,места,63,111.3
943,аккад,63,111.3
944,война,63,111.3
945,марта,63,111.3
946,ԥхынгәы,63,111.3
947,ангела,63,111.3
948,даналга,62,109.5
949,ихатә,62,109.5
950,аконституциа,62,109.5
951,ракадемиа,62,109.5
952,ахыҵхырҭақәа,62,109.5
953,уажәы,62,109.5
954,археологиатә,62,109.5
955,омар,62,109.5
956,иазгәаҭатәуп,62,109.5
957,адгьылқәа,62,109.5
958,мза,62,109.5
959,агазеҭ,62,109.5
960,начало,62,109.5
961,день,62,109.5
962,британиаду,62,109.5
963,подпись,62,109.5
964,иадырхәон,62,109.5
965,иԥсра,62,109.5
966,бедиатәи,62,109.5
967,кастро,62,109.5
968,меркель,62,109.5
969,амра,61,107.8
970,аӡиасқәа,61,107.8
971,аусбарҭа,61,107.8
972,аџьынџьтәылатә,61,107.8
973,ҵиаа,61,107.8
974,атерриториа,61,107.8
975,иаку,61,107.8
976,дцәырҵит,61,107.8
977,злоу,61,107.8
978,иаман,61,107.8
979,ароман,61,107.8
980,ахаҿы,61,107.8
981,фонда,61,107.8
982,тәыла,61,107.8
983,амузыка,61,107.8
984,ракәзар,61,107.8
985,году,61,107.8
986,ақәгыларақәа,61,107.8
987,аҭӡамцқәа,61,107.8
988,аккадтәи,61,107.8
989,акгьы,60,106.0
990,иалагоит,60,106.0
991,аминистрцәа,60,106.0
992,ԥшьба,60,106.0
993,аԥсни,60,106.0
994,уахәама,60,106.0
995,найти,60,106.0
996,иҳәеит,60,106.0
997,усзуҩы,60,106.0
998,инал-иԥа,60,106.0
999,арыцхәқәа,60,106.0
1000,тома,60,106.0
1001,фазиль,60,106.0
1002,конго,60,106.0
1003,ашьхақәа,59,104.2
1004,ахәҭақәа,59,104.2
1005,аԥсныҟа,59,104.2
1006,иҵон,59,104.2
1007,куба,59,104.2
1008,ахадас,59,104.2
1009,илшеит,59,104.2
1010,инхон,59,104.2
1011,маи,59,104.2
1012,аинтерес,59,104.2
1013,ахьтәы,59,104.2
1014,мзазы,59,104.2
1015,афырхаҵа,59,104.2
1016,тираж,59,104.2
1017,уже,59,104.2
1018,ссылку,59,104.2
1019,апреля,59,104.2
1020,комитета,59,104.2
1021,лакрба,59,104.2
1022,черчилль,59,104.2
1023,томов,59,104.2
1024,амузыкатә,58,102.5
1025,рхаҭарнакцәа,58,102.5
1026,абаҟақәа,58,102.5
1027,жәаба,58,102.5
1028,владимир-иԥа,58,102.5
1029,ицоз,58,102.5
1030,ахәаԥшцәа,58,102.5
1031,хәмаррақәа,58,102.5
1032,которых,58,102.5
1033,зны,58,102.5
1034,иахьагьы,58,102.5
1035,ахҭыс,58,102.5
1036,некоторые,58,102.5
1037,заҵәык,58,102.5
1038,архаикатә,58,102.5
1039,нелли,58,102.5
1040,адиректор,58,102.5
1041,аконференциа,58,102.5
1042,ашықәсазы,58,102.5
1043,языки,58,102.5
1044,адиктатор,58,102.5
1045,аамҭаз,57,100.7
1046,инарзынаԥшуа,57,100.7
1047,ргәыԥ,57,100.7
1048,ашықәсан,57,100.7
1049,иҵара,57,100.7
1050,дҟалоит,57,100.7
1051,дук,57,100.7
1052,сухум,57,100.7
1053,уажәтәи,57,100.7
1054,алеқсандр,57,100.7
1055,апремиера,57,100.7
1056,екатерина,57,100.7
1057,иаҿагыланы,57,100.7
1058,лхаҵа,57,100.7
1059,асулҭан,57,100.7
1060,книг,57,100.7
1061,ақ,56,98.9
1062,аибашьратә,56,98.9
1063,иадҳәалоуп,56,98.9
1064,еиҭа,56,98.9
1065,астадион,56,98.9
1066,урыстәылеи,56,98.9
1067,ахьыԥшымра,56,98.9
1068,имаз,56,98.9
1069,необходимо,56,98.9
1070,иргыланы,56,98.9
1071,ашәҟәқәа,56,98.9
1072,иҭыԥ,56,98.9
1073,ианашьан,56,98.9
1074,олимпиадатә,56,98.9
1075,шаблоном,56,98.9
1076,укп,56,98.9
1077,является,56,98.9
1078,аокеан,56,98.9
1079,который,56,98.9
1080,дигеит,56,98.9
1081,иаԥҵоуп,56,98.9
1082,впервые,56,98.9
1083,частей,56,98.9
1084,ахаҵа,55,97.2
1085,хәыҷы,55,97.2
1086,англ,55,97.2
1087,астатус,55,97.2
1088,афатә,55,97.2
1089,ашьапылампыл,55,97.2
1090,аихамҩатә,55,97.2
1091,иатәу,55,97.2
1092,ажәла,55,97.2
1093,иааз,55,97.2
1094,дмитри,55,97.2
1095,апроцесс,55,97.2
1096,иалахәын,55,97.2
1097,абџьар,55,97.2
1098,аамҭак,55,97.2
1099,дцеит,55,97.2
1100,ишьақәгылоуп,55,97.2
1101,педагогтә,55,97.2
1102,иаанхеит,55,97.2
1103,ааха,55,97.2
1104,иадырхәоит,55,97.2
1105,россии,55,97.2
1106,амассатә,55,97.2
1107,мариа,55,97.2
1108,значения,55,97.2
1109,через,55,97.2
1110,рыҿиара,55,97.2
1111,зны-зынла,55,97.2
1112,афранцызцәа,55,97.2
1113,несколько,55,97.2
1114,аиадертә,55,97.2
1115,содержания,55,97.2
1116,дебс,55,97.2
1117,ашаблонқәа,55,97.2
1118,фба,54,95.4
1119,аҩыза,54,95.4
1120,аиҭашьақәыргылара,54,95.4
1121,дареи,54,95.4
1122,афонд,54,95.4
1123,шықәс,54,95.4
1124,аира,54,95.4
1125,ахаҭа,54,95.4
1126,икьыԥхьын,54,95.4
1127,абра,54,95.4
1128,идуу,54,95.4
1129,шықәсазтәи,54,95.4
1130,аԥсабаратә,54,95.4
1131,ашәарҭара,54,95.4
1132,иазкыз,54,95.4
1133,аҭагылазаашьақәа,54,95.4
1134,украина,54,95.4
1135,планируется,54,95.4
1136,лист,54,95.4
1137,мҩаԥысит,54,95.4
1138,ҟазара,54,95.4
1139,марк,54,95.4
1140,мырзаҟан,54,95.4
1141,столбцы,54,95.4
1142,афон,53,93.6
1143,ыҟам,53,93.6
1144,ш-зы,53,93.6
1145,иалагӡаны,53,93.6
1146,премиа,53,93.6
1147,иаҳҳәозар,53,93.6
1148,проекта,53,93.6
1149,источник,53,93.6
1150,лакәын,53,93.6
1151,иакәзар,53,93.6
1152,токио,53,93.6
1153,ихьӡала,53,93.6
1154,адинхаҵаратә,53,93.6
1155,бы,53,93.6
1156,аиқәышаҳаҭра,53,93.6
1157,метка,53,93.6
1158,указать,53,93.6
1159,мшаԥы,53,93.6
1160,линии,53,93.6
1161,атермин,53,93.6
1162,знание,53,93.6
1163,макрон,53,93.6
1164,неру,53,93.6
1165,шәарах,53,93.6
1166,томах,53,93.6
1167,қьалышь-беи,53,93.6
1168,аҭыԥан,52,91.9
1169,хыхь,52,91.9
1170,зыхҟьаз,52,91.9
1171,аҟазаара,52,91.9
1172,аҭҵаара,52,91.9
1173,ҷыда,52,91.9
1174,беигәаа,52,91.9
1175,реизга,52,91.9
1176,шьынқәба,52,91.9
1177,урыс,52,91.9
1178,вопросы,52,91.9
1179,ихьыԥшым,52,91.9
1180,санкт-петербург,52,91.9
1181,ҭамара,52,91.9
1182,аилкаара,52,91.9
1183,ақәԥара,52,91.9
1184,аидгыла,52,91.9
1185,сделать,52,91.9
1186,перед,52,91.9
1187,команда,52,91.9
1188,уаанӡатәи,52,91.9
1189,данного,52,91.9
1190,атитул,52,91.9
1191,мандела,52,91.9
1192,фидель,52,91.9
1193,акоррупциа,52,91.9
1194,аслан-беи,52,91.9
1195,акультуреи,51,90.1
1196,аурысцәа,51,90.1
1197,шәҟәы,51,90.1
1198,иарбоуп,51,90.1
1199,зуа,51,90.1
1200,нызқь,51,90.1
1201,ахкы,51,90.1
1202,иҟалоит,51,90.1
1203,иҭаацәа,51,90.1
1204,иамаз,51,90.1
1205,хьӡыс,51,90.1
1206,ишәҟәы,51,90.1
1207,аҭҵааҩцәа,51,90.1
1208,ҿырԥштәыс,51,90.1
1209,иаанагоит,51,90.1
1210,жәа,51,90.1
1211,правила,51,90.1
1212,цвет,51,90.1
1213,был,51,90.1
1214,млн,51,90.1
1215,аилыркаа,51,90.1
1216,инарҭбааны,51,90.1
1217,бызшәаҿы,51,90.1
1218,аштат,51,90.1
1219,џь,51,90.1
1220,китаи,51,90.1
1221,частях,51,90.1
1222,указали,51,90.1
1223,амлакра,51,90.1
1224,аҭаацәа,51,90.1
1225,голль,51,90.1
1226,выпуски,51,90.1
1227,авикингцәа,51,90.1
1228,книгах,51,90.1
1229,столбец,51,90.1
1230,ан,50,88.3
1231,аҳауа,50,88.3
1232,ишьҭоуп,50,88.3
1233,астанциа,50,88.3
1234,рымҩаԥгара,50,88.3
1235,валери,50,88.3
1236,афинанстә,50,88.3
1237,дунеи,50,88.3
1238,анаҩсгьы,50,88.3
1239,аӡиа,50,88.3
1240,аҩаӡара,50,88.3
1241,хҩык,50,88.3
1242,рнаҩс,50,88.3
1243,аханатә,50,88.3
1244,нельсон,50,88.3
1245,австриа,50,88.3
1246,либо,50,88.3
1247,шь,50,88.3
1248,ԥачалиа,50,88.3
1249,бродски,50,88.3
1250,выпусках,50,88.3
1251,выпусков,50,88.3
1252,столбцов,50,88.3
1253,листов,50,88.3
1254,листы,50,88.3
1255,ӡиӡариа,49,86.6
1256,саит,49,86.6
1257,аибашьраан,49,86.6
1258,аԥстәқәа,49,86.6
1259,франциатәи,49,86.6
1260,адин,49,86.6
1261,далхын,49,86.6
1262,рҭагылазаашьа,49,86.6
1263,аекономика,49,86.6
1264,маҷк,49,86.6
1265,амаӡаныҟәгаҩ,49,86.6
1266,аплан,49,86.6
1267,статус,49,86.6
1268,рацәоуп,49,86.6
1269,еиҳагьы,49,86.6
1270,амузеи,49,86.6
1271,зыԥсы,49,86.6
1272,аҵарадырра,49,86.6
1273,аӡәгьы,49,86.6
1274,иалху,49,86.6
1275,иарбанзаалак,49,86.6
1276,аԥшьбатәи,49,86.6
1277,изышьҭаз,49,86.6
1278,иалхны,49,86.6
1279,официалла,49,86.6
1280,хәба,49,86.6
1281,иашьҭоуп,49,86.6
1282,анапы,49,86.6
1283,дональд,49,86.6
1284,дополнительные,49,86.6
1285,ҳәынҭқаррақәа,49,86.6
1286,аҟәырӷ,49,86.6
1287,обычно,49,86.6
1288,аиндекс,49,86.6
1289,миха,49,86.6
1290,саватәи,49,86.6
1291,алада,48,84.8
1292,ақырҭцәа,48,84.8
1293,ҳәынҭқарратә,48,84.8
1294,ӷәӷәала,48,84.8
1295,гал,48,84.8
1296,бзыԥ,48,84.8
1297,зы,48,84.8
1298,ахантәаҩыс,48,84.8
1299,аҳәара,48,84.8
1300,акыраамҭа,48,84.8
1301,рхеилак,48,84.8
1302,аҭҵаарадыррақәа,48,84.8
1303,абжьарашәышықәсақәа,48,84.8
1304,аусзуҩцәа,48,84.8
1305,мрагылара,48,84.8
1306,ван,48,84.8
1307,абхазия,48,84.8
1308,ақәҵара,48,84.8
1309,рнапаҿы,48,84.8
1310,политика,48,84.8
1311,атеатртә,48,84.8
1312,асахьаркыратә,48,84.8
1313,апроблема,48,84.8
1314,елена,48,84.8
1315,января,48,84.8
1316,было,48,84.8
1317,мире,48,84.8
1318,ацәырҵра,48,84.8
1319,игылоуп,48,84.8
1320,акралра,48,84.8
1321,работы,48,84.8
1322,русской,48,84.8
1323,кинг,48,84.8
1324,иаанханы,48,84.8
1325,антикатә,48,84.8
1326,иарбанқәоу,48,84.8
1327,аамҭахҵәаха,48,84.8
1328,урартутәи,48,84.8
1329,инхоит,47,83.0
1330,ахацәа,47,83.0
1331,аетникатә,47,83.0
1332,алагамҭа,47,83.0
1333,ақалақьтә,47,83.0
1334,иаанхаз,47,83.0
1335,ашьақәгылара,47,83.0
1336,аҵиаа,47,83.0
1337,нхара,47,83.0
1338,изныкымкәа,47,83.0
1339,ахатә,47,83.0
1340,рҿаԥхьа,47,83.0
1341,ада,47,83.0
1342,цқьа,47,83.0
1343,ажәеинраалақәа,47,83.0
1344,шьалуа,47,83.0
1345,адҵа,47,83.0
1346,акоуп,47,83.0
1347,швециа,47,83.0
1348,амуниципалитет,47,83.0
1349,абасала,47,83.0
1350,козлов,47,83.0
1351,коӷониа,47,83.0
1352,кәыҵниа,47,83.0
1353,сахаров,47,83.0
1354,ажәабжьқәа,47,83.0
1355,иреиӷьу,47,83.0
1356,ргәаанагарала,47,83.0
1357,аԥшаҳәаҿы,47,83.0
1358,мая,47,83.0
1359,атом,47,83.0
1360,аԥҵаразы,47,83.0
1361,абжьы,47,83.0
1362,игәаанагарала,47,83.0
1363,атеориа,47,83.0
1364,асистема,47,83.0
1365,число,47,83.0
1366,аканцлер,47,83.0
1367,африкатәи,47,83.0
1368,указания,47,83.0
1369,афронт,47,83.0
1370,гыртәыла,47,83.0
1371,лыхны,46,81.3
1372,қалақь,46,81.3
1373,академиа,46,81.3
1374,иҟаҵоу,46,81.3
1375,инадыркны,46,81.3
1376,ирымоуп,46,81.3
1377,дцоит,46,81.3
1378,иҩны,46,81.3
1379,ахаҭарнакцәа,46,81.3
1380,иԥсы,46,81.3
1381,ирыман,46,81.3
1382,џьон,46,81.3
1383,акритика,46,81.3
1384,ахшара,46,81.3
1385,ирыбзоураны,46,81.3
1386,аԥхьатәи,46,81.3
1387,иҟаҵаны,46,81.3
1388,ауаҩытәыҩса,46,81.3
1389,ихаан,46,81.3
1390,рминистр,46,81.3
1391,аартра,46,81.3
1392,ртәы,46,81.3
1393,участника,46,81.3
1394,роуит,46,81.3
1395,лаб,46,81.3
1396,асиужет,46,81.3
1397,аҭахӡам,46,81.3
1398,ахәыҷы,46,81.3
1399,аартын,46,81.3
1400,хәыҷқәа,46,81.3
1401,внимание,46,81.3
1402,ассамблеиа,46,81.3
1403,австралиа,46,81.3
1404,папа,46,81.3
1405,иоанн,46,81.3
1406,саргон,46,81.3
1407,аӷарра,46,81.3
1408,азхьарԥш,46,81.3
1409,большои,46,81.3
1410,политковскаиа,46,81.3
1411,агәҭаны,45,79.5
1412,абырзен,45,79.5
1413,аҳәаа,45,79.5
1414,рыр,45,79.5
1415,аформақәа,45,79.5
1416,усқәа,45,79.5
1417,ирласны,45,79.5
1418,где,45,79.5
1419,иҭахын,45,79.5
1420,лыхнытәи,45,79.5
1421,арегионқәа,45,79.5
1422,алахәыла,45,79.5
1423,қәыԥш,45,79.5
1424,аҳәамҭа,45,79.5
1425,аспектакльқәа,45,79.5
1426,аконсул,45,79.5
1427,февраля,45,79.5
1428,еилкаам,45,79.5
1429,китаитәи,45,79.5
1430,ноября,45,79.5
1431,израиль,45,79.5
1432,чем,45,79.5
1433,шарль,45,79.5
1434,адҩылақәа,45,79.5
1435,кандидатов,45,79.5
1436,иаагозар,45,79.5
1437,иажәхьоу,45,79.5
1438,урарту,45,79.5
1439,лорка,45,79.5
1440,аԥа,44,77.7
1441,џьгьарда,44,77.7
1442,қарҭтәи,44,77.7
1443,уасил-иԥа,44,77.7
1444,иадҳәалаз,44,77.7
1445,история,44,77.7
1446,атәым,44,77.7
1447,раҟара,44,77.7
1448,ҟарҵеит,44,77.7
1449,ианалага,44,77.7
1450,усурақәа,44,77.7
1451,ишьақәгылаз,44,77.7
1452,рынагӡара,44,77.7
1453,далагоит,44,77.7
1454,ермантәыла,44,77.7
1455,правок,44,77.7
1456,андрей,44,77.7
1457,нестор,44,77.7
1458,аԥхынтәи,44,77.7
1459,описание,44,77.7
1460,иаԥиҵеит,44,77.7
1461,ленин,44,77.7
1462,драндатәи,44,77.7
1463,издательство,44,77.7
1464,октября,44,77.7
1465,апроблемақәа,44,77.7
1466,бӷажәба,44,77.7
1467,просто,44,77.7
1468,апрограмма,44,77.7
1469,членов,44,77.7
1470,армиа,44,77.7
1471,салуман,44,77.7
1472,ҭраԥшь,44,77.7
1473,аҵла,43,76.0
1474,аб,43,76.0
1475,иргылаз,43,76.0
1476,аганқәа,43,76.0
1477,аҿар,43,76.0
1478,аҿаԥхьа,43,76.0
1479,ахьыҟоу,43,76.0
1480,арабтә,43,76.0
1481,константин-иԥа,43,76.0
1482,қәҿиарала,43,76.0
1483,алахәылацәа,43,76.0
1484,хылаԥшра,43,76.0
1485,иналукааша,43,76.0
1486,иусумҭақәа,43,76.0
1487,иҭыҵыз,43,76.0
1488,изку,43,76.0
1489,политик,43,76.0
1490,языков,43,76.0
1491,польша,43,76.0
1492,иҳәоит,43,76.0
1493,ахәы,43,76.0
1494,зуаз,43,76.0
1495,источники,43,76.0
1496,амаҭәар,43,76.0
1497,должно,43,76.0
1498,иҳараку,43,76.0
1499,азҿлымҳара,43,76.0
1500,дата,43,76.0
1501,место,43,76.0
1502,фото,43,76.0
1503,станции,43,76.0
1504,ирыдыркылеит,43,76.0
1505,наиболее,43,76.0
1506,всего,43,76.0
1507,акатегориақәа,43,76.0
1508,аӷба,43,76.0
1509,второй,43,76.0
1510,виетнам,43,76.0
1511,гьерзмааԥҳа,43,76.0
1512,аерманцәа,42,74.2
1513,реилазаара,42,74.2
1514,хара,42,74.2
1515,еилазаара,42,74.2
1516,иҵ,42,74.2
1517,дхынҳәит,42,74.2
1518,мчқәа,42,74.2
1519,аԥсы,42,74.2
1520,исахьа,42,74.2
1521,рауль,42,74.2
1522,азын,42,74.2
1523,зҽаԥсазтәыз,42,74.2
1524,инапхгарала,42,74.2
1525,цхыраара,42,74.2
1526,павел,42,74.2
1527,иԥхьаӡан,42,74.2
1528,рхатә,42,74.2
1529,хымԥада,42,74.2
1530,аҭырқәа,42,74.2
1531,шәышықәса,42,74.2
1532,ашьақәыргылара,42,74.2
1533,зну,42,74.2
1534,залшом,42,74.2
1535,амал,42,74.2
1536,акәша-мыкәша,42,74.2
1537,хазы,42,74.2
1538,иаҵанакуаз,42,74.2
1539,хә,42,74.2
1540,астатиа,42,74.2
1541,период,42,74.2
1542,ли,42,74.2
1543,аконфликт,42,74.2
1544,лиза,42,74.2
1545,ииасит,42,74.2
1546,такие,42,74.2
1547,ниже,42,74.2
1548,ширина,42,74.2
1549,диалект,42,74.2
1550,бразилиа,42,74.2
1551,шаблоне,42,74.2
1552,другой,42,74.2
1553,ҽаанбзиала,42,74.2
1554,ахышәарақәа,42,74.2
1555,викиданных,42,74.2
1556,ҳасан-беи,42,74.2
1557,варӡиа,42,74.2
1558,гагратәи,41,72.4
1559,аԥшаҳәа,41,72.4
1560,рыҟнытә,41,72.4
1561,анхара,41,72.4
1562,еиҿкаан,41,72.4
1563,иажәақәа,41,72.4
1564,ӷәада,41,72.4
1565,аусумҭақәа,41,72.4
1566,знапы,41,72.4
1567,араб,41,72.4
1568,аҳҭынра,41,72.4
1569,ииҩыз,41,72.4
1570,рацәак,41,72.4
1571,тем,41,72.4
1572,первого,41,72.4
1573,ихадароу,41,72.4
1574,атәылауаа,41,72.4
1575,ахырхарҭа,41,72.4
1576,азербаиџьан,41,72.4
1577,ааба,41,72.4
1578,иуа,41,72.4
1579,смыр,41,72.4
1580,диман,41,72.4
1581,ихьшәоу,41,72.4
1582,ицәырҵуеит,41,72.4
1583,аргыларақәа,41,72.4
1584,системы,41,72.4
1585,была,41,72.4
1586,первая,41,72.4
1587,ахәҭак,41,72.4
1588,лыԥсҭазаара,41,72.4
1589,информации,41,72.4
1590,аҟара,41,72.4
1591,аарԥшра,41,72.4
1592,бонапарт,41,72.4
1593,данԥсы,41,72.4
1594,аҭҵаарадырра,41,72.4
1595,раздел,41,72.4
1596,против,41,72.4
1597,анцәахәы,41,72.4
1598,еиҳа-еиҳа,41,72.4
1599,миурдаль,41,72.4
1600,иԥшқоу,41,72.4
1601,мира,40,70.7
1602,владислав,40,70.7
1603,сергеи-иԥа,40,70.7
1604,аҳәаанырцәтәи,40,70.7
1605,нахыс,40,70.7
1606,ҩынтә,40,70.7
1607,азакәанқәа,40,70.7
1608,ирызкны,40,70.7
1609,ирҿагыланы,40,70.7
1610,ҭоурых,40,70.7
1611,избан,40,70.7
1612,уигьы,40,70.7
1613,иаԥиҵаз,40,70.7
1614,иҩуеит,40,70.7
1615,ацентр,40,70.7
1616,симон,40,70.7
1617,иалоу,40,70.7
1618,рхархәара,40,70.7
1619,информация,40,70.7
1620,аӡҩыбжьа,40,70.7
1621,ахыжәжәарақәа,40,70.7
1622,руакы,40,70.7
1623,права,40,70.7
1624,форма,40,70.7
1625,ҧхынҷкәын,40,70.7
1626,зауз,40,70.7
1627,позволяет,40,70.7
1628,больше,40,70.7
1629,должна,40,70.7
1630,были,40,70.7
1631,кореиа,40,70.7
1632,асахьаҭыхҩы,40,70.7
1633,ни,40,70.7
1634,ла,40,70.7
1635,қырҭтәыл,40,70.7
1636,однако,40,70.7
1637,иаиуит,40,70.7
1638,качестве,40,70.7
1639,кода,40,70.7
1640,статьях,40,70.7
1641,феодоси,40,70.7
1642,совета,40,70.7
1643,фанон,40,70.7
1644,абаза,39,68.9
1645,амца,39,68.9
1646,драматә,39,68.9
1647,музеи,39,68.9
1648,руан,39,68.9
1649,реиҳараҩык,39,68.9
1650,иҵегьы,39,68.9
1651,лассы-ласс,39,68.9
1652,аԥсышәала,39,68.9
1653,геннади,39,68.9
1654,ажәабжь,39,68.9
1655,иааит,39,68.9
1656,ихаҭыԥан,39,68.9
1657,иҭахеит,39,68.9
1658,хьыбла,39,68.9
1659,иалахәыз,39,68.9
1660,астатиақәа,39,68.9
1661,иархәаны,39,68.9
1662,иахьазы,39,68.9
1663,ҟанаҵеит,39,68.9
1664,зхыҵуаз,39,68.9
1665,ишыҟаз,39,68.9
1666,ҩаԥхьа,39,68.9
1667,имаҷу,39,68.9
1668,изинқәа,39,68.9
1669,аҭакԥхықәра,39,68.9
1670,русура,39,68.9
1671,амзызқәа,39,68.9
1672,ахьӡала,39,68.9
1673,ишиашоу,39,68.9
1674,мықә,39,68.9
1675,асоциалисттә,39,68.9
1676,аршба,39,68.9
1677,ажьырныҳәа,39,68.9
1678,там,39,68.9
1679,абхазской,39,68.9
1680,рҭаацәара,39,68.9
1681,ҭарԥҳа,39,68.9
1682,ацҳа,39,68.9
1683,русском,39,68.9
1684,августа,39,68.9
1685,азбжазы,39,68.9
1686,ҭҵаарадыррақәа,39,68.9
1687,авторцәа,39,68.9
1688,иаса,39,68.9
1689,абжьаҟазаратә,39,68.9
1690,мона,39,68.9
1691,аҩыра,39,68.9
1692,амаҭәарқәа,39,68.9
1693,всем,39,68.9
1694,аруаа,39,68.9
1695,шәахәаԥш,39,68.9
1696,адгьылбжьахатә,39,68.9
1697,ҭахеит,39,68.9
1698,ромео,39,68.9
1699,абалет,39,68.9
1700,альва,39,68.9
1701,афундаментализм,39,68.9
1702,аҩада,38,67.1
1703,архитектуратә,38,67.1
1704,аиашахаҵаратә,38,67.1
1705,ахәыҷтәы,38,67.1
1706,поет,38,67.1
1707,иаартын,38,67.1
1708,аманы,38,67.1
1709,қырҭтәылеи,38,67.1
1710,инаӡоит,38,67.1
1711,ирымоу,38,67.1
1712,даныҟаз,38,67.1
1713,миллион,38,67.1
1714,выборах,38,67.1
1715,иаҳасаб,38,67.1
1716,абзиабара,38,67.1
1717,ҳәоуп,38,67.1
1718,убасҟан,38,67.1
1719,константинополь,38,67.1
1720,шьақәгылоуп,38,67.1
1721,ахақәиҭра,38,67.1
1722,ҟамҵакәа,38,67.1
1723,аепископ,38,67.1
1724,аизара,38,67.1
1725,ԥхынҷкәын,38,67.1
1726,ԥҳәыс,38,67.1
1727,аредактор,38,67.1
1728,жәлартә,38,67.1
1729,маҷ,38,67.1
1730,зыӡбахә,38,67.1
1731,имчра,38,67.1
1732,она,38,67.1
1733,два,38,67.1
1734,редактирования,38,67.1
1735,аизыҟазаашьақәа,38,67.1
1736,рыхәҭак,38,67.1
1737,ҿы,38,67.1
1738,месопотамиа,38,67.1
1739,источников,38,67.1
1740,ҭагалан,38,67.1
1741,имеет,38,67.1
1742,возможность,38,67.1
1743,выше,38,67.1
1744,указан,38,67.1
1745,аҩналарҭа,38,67.1
1746,агәҭантәи,38,67.1
1747,уинстон,38,67.1
1748,авикидыррақәа,38,67.1
1749,кәасҭа,38,67.1
1750,адиа,37,65.4
1751,анхарҭа,37,65.4
1752,ақәа,37,65.4
1753,ақыҭақәа,37,65.4
1754,мҩаԥысуеит,37,65.4
1755,сталин,37,65.4
1756,амрагыларатәи,37,65.4
1757,шкәакәа,37,65.4
1758,мҩаԥысуан,37,65.4
1759,аиҳара,37,65.4
1760,заа,37,65.4
1761,аусԥҟа,37,65.4
1762,апериод,37,65.4
1763,аҭак,37,65.4
1764,леонид,37,65.4
1765,ахьчара,37,65.4
1766,иалхыз,37,65.4
1767,игеит,37,65.4
1768,амилаҭ,37,65.4
1769,имҩаԥысуеит,37,65.4
1770,ҳәарада,37,65.4
1771,аорден,37,65.4
1772,актиор,37,65.4
1773,амшынтә,37,65.4
1774,анхацәа,37,65.4
1775,лашәриа,37,65.4
1776,иарбоу,37,65.4
1777,еиҿкаарақәа,37,65.4
1778,ҭарба,37,65.4
1779,жәба,37,65.4
1780,ҩажәа,37,65.4
1781,илья,37,65.4
1782,ҷкадуа,37,65.4
1783,ахаҭыԥуаҩ,37,65.4
1784,аӡбамҭа,37,65.4
1785,первое,37,65.4
1786,один,37,65.4
1787,зыхә,37,65.4
1788,примечания,37,65.4
1789,лет,37,65.4
1790,ицон,37,65.4
1791,аԥҟаԥҵәа,37,65.4
1792,флоренциа,37,65.4
1793,иапониатәи,37,65.4
1794,первым,37,65.4
1795,елизавета,37,65.4
1796,даже,37,65.4
1797,автоматически,37,65.4
1798,иаго,37,65.4
1799,течение,37,65.4
1800,переведено,37,65.4
1801,стив,37,65.4
1802,обсе,37,65.4
1803,беҳиџье,37,65.4
1804,абна,36,63.6
1805,анагӡара,36,63.6
1806,руеит,36,63.6
1807,игоу,36,63.6
1808,иаарту,36,63.6
1809,ицеит,36,63.6
1810,хкы,36,63.6
1811,агәыҳалалратә,36,63.6
1812,григори-иԥа,36,63.6
1813,кәыдры,36,63.6
1814,еиҳабыс,36,63.6
1815,ашколқәа,36,63.6
1816,ачымазара,36,63.6
1817,амшқәа,36,63.6
1818,зҵоу,36,63.6
1819,измоу,36,63.6
1820,жәар,36,63.6
1821,апровинциа,36,63.6
1822,аԥҵан,36,63.6
1823,иаҵанакуан,36,63.6
1824,хадара,36,63.6
1825,ахьчаразы,36,63.6
1826,тамшь,36,63.6
1827,аокруг,36,63.6
1828,арегионалтә,36,63.6
1829,драконов,36,63.6
1830,никәала,36,63.6
1831,аӡбахә,36,63.6
1832,аҵыхәтәан,36,63.6
1833,алагара,36,63.6
1834,аҭҵаарақәа,36,63.6
1835,иргылеит,36,63.6
1836,лассы,36,63.6
1837,подробнее,36,63.6
1838,ииашаны,36,63.6
1839,азг,36,63.6
1840,аҭақ,36,63.6
1841,группа,36,63.6
1842,ақәҿиара,36,63.6
1843,иалоуп,36,63.6
1844,иҩыза,36,63.6
1845,уажәраанӡагьы,36,63.6
1846,аҭӡы,36,63.6
1847,аибашьраҿы,36,63.6
1848,ахаҵара,36,63.6
1849,индиатәи,36,63.6
1850,океаниа,36,63.6
1851,днеит,36,63.6
1852,рышҟа,36,63.6
1853,дездемона,36,63.6
1854,маӡала,36,63.6
1855,адаҟьақәа,36,63.6
1856,иметь,36,63.6
1857,акарточка,36,63.6
1858,алахәцәа,36,63.6
1859,акризис,36,63.6
1860,ақәра,36,63.6
1861,даиҭеит,36,63.6
1862,абольшевикцәа,36,63.6
1863,гарсиа,36,63.6
1864,даст,36,63.6
1865,хыҵхырҭақәа,35,61.8
1866,аԥсар,35,61.8
1867,аҵанакы,35,61.8
1868,ааннакылоит,35,61.8
1869,аҳаԥы,35,61.8
1870,путин,35,61.8
1871,иусура,35,61.8
1872,рус,35,61.8
1873,аҳаҭыр,35,61.8
1874,аит,35,61.8
1875,списка,35,61.8
1876,иусумҭа,35,61.8
1877,злаз,35,61.8
1878,аахыс,35,61.8
1879,алықьса,35,61.8
1880,аԥсуаҭҵааратә,35,61.8
1881,иашьҭан,35,61.8
1882,аҩра,35,61.8
1883,аҵак,35,61.8
1884,аполитикатәи,35,61.8
1885,аминистр,35,61.8
1886,роман,35,61.8
1887,измаз,35,61.8
1888,академик,35,61.8
1889,аԥҟарақәа,35,61.8
1890,ирландиа,35,61.8
1891,иван-иԥа,35,61.8
1892,ахаҭарнак,35,61.8
1893,ажурналист,35,61.8
1894,ажанр,35,61.8
1895,человек,35,61.8
1896,аидеиа,35,61.8
1897,иқәыргылан,35,61.8
1898,аԥыжәара,35,61.8
1899,давид,35,61.8
1900,ирыԥхьаӡоит,35,61.8
1901,языках,35,61.8
1902,ҳәоу,35,61.8
1903,шә,35,61.8
1904,алхырҭа,35,61.8
1905,реизыҟазаашьақәа,35,61.8
1906,русский,35,61.8
1907,иҩит,35,61.8
1908,абзоурала,35,61.8
1909,ҭынч,35,61.8
1910,атрадициақәа,35,61.8
1911,алжир,35,61.8
1912,размер,35,61.8
1913,внутри,35,61.8
1914,нтә,35,61.8
1915,бельгиа,35,61.8
1916,босниеи,35,61.8
1917,войны,35,61.8
1918,швеицариа,35,61.8
1919,аграф,35,61.8
1920,звиад,35,61.8
1921,ироль,35,61.8
1922,комментарии,35,61.8
1923,времени,35,61.8
1924,оно,35,61.8
1925,алҵшәақәа,35,61.8
1926,мысратәи,35,61.8
1927,адгылаҩцәа,35,61.8
1928,аиҭакрақәа,35,61.8
1929,имҩаԥысуан,35,61.8
1930,ашәаҳәаҩ,35,61.8
1931,даты,35,61.8
1932,апрезиденттә,35,61.8
1933,рамп,35,61.8
1934,аԥхын,34,60.1
1935,иаанаго,34,60.1
1936,еиқәханы,34,60.1
1937,дуи,34,60.1
1938,инамаданы,34,60.1
1939,асолдаҭцәа,34,60.1
1940,имаҵура,34,60.1
1941,ихатәы,34,60.1
1942,аимадара,34,60.1
1943,аиура,34,60.1
1944,репос,34,60.1
1945,аповест,34,60.1
1946,аматериалқәа,34,60.1
1947,иазгәарҭоит,34,60.1
1948,нино,34,60.1
1949,иԥхьаӡон,34,60.1
1950,аԥсахра,34,60.1
1951,банк,34,60.1
1952,апрограммақәа,34,60.1
1953,бд,34,60.1
1954,аҳамҭақәа,34,60.1
1955,такой,34,60.1
1956,манча,34,60.1
1957,иҿы,34,60.1
1958,иаарԥшуп,34,60.1
1959,ҟаҵан,34,60.1
1960,формақәа,34,60.1
1961,оформления,34,60.1
1962,ҟалап,34,60.1
1963,правки,34,60.1
1964,конце,34,60.1
1965,прав,34,60.1
1966,рекомендуется,34,60.1
1967,сентября,34,60.1
1968,аргыларатә,34,60.1
1969,рыдыркылеит,34,60.1
1970,иануп,34,60.1
1971,иааргеит,34,60.1
1972,дыррақәа,34,60.1
1973,иаауеит,34,60.1
1974,лучше,34,60.1
1975,им,34,60.1
1976,иҟынтә,34,60.1
1977,уаҩы,34,60.1
1978,аштатқәеи,34,60.1
1979,рт,34,60.1
1980,еиԥшу,34,60.1
1981,комплекс,34,60.1
1982,ргеит,34,60.1
1983,иӷәӷәоу,34,60.1
1984,зынӡаск,34,60.1
1985,аизҳара,34,60.1
1986,очень,34,60.1
1987,викиданные,34,60.1
1988,адинастиа,34,60.1
1989,аҟаҵарба,34,60.1
1990,османтәыла,34,60.1
1991,атрибута,34,60.1
1992,баҟақәа,33,58.3
1993,иааизакны,33,58.3
1994,дҟаҵан,33,58.3
1995,есааира,33,58.3
1996,уаҳа,33,58.3
1997,аамҭала,33,58.3
1998,иреиуан,33,58.3
1999,мчыла,33,58.3
2000,усумҭақәа,33,58.3
2001,рыхьчара,33,58.3
2002,ажәҩан,33,58.3
2003,раҳ,33,58.3
2004,анихыҵуаз,33,58.3
2005,ацентртә,33,58.3
2006,атәылаҿы,33,58.3
2007,абиуџьет,33,58.3
2008,џьоукы,33,58.3
2009,ашьаҭа,33,58.3
2010,ажәлақәа,33,58.3
2011,большой,33,58.3
2012,иналаҵаны,33,58.3
2013,изменения,33,58.3
2014,иҟны,33,58.3
2015,аҟазареи,33,58.3
2016,дынхон,33,58.3
2017,цәырҵит,33,58.3
2018,жәаҩа,33,58.3
2019,ирҭагӡаны,33,58.3
2020,змамыз,33,58.3
2021,ииҭеит,33,58.3
2022,ҭоу,33,58.3
2023,метра,33,58.3
2024,ашҭа,33,58.3
2025,архитектор,33,58.3
2026,правило,33,58.3
2027,иатәыз,33,58.3
2028,вики,33,58.3
2029,должен,33,58.3
2030,судан,33,58.3
2031,фон,33,58.3
2032,асиа,33,58.3
2033,город,33,58.3
2034,софиа,33,58.3
2035,править,33,58.3
2036,аиаҵәақәа,33,58.3
2037,надо,33,58.3
2038,группы,33,58.3
2039,аиндеиццәа,33,58.3
2040,рыланаҳәеит,33,58.3
2041,ажәылара,33,58.3
2042,аџьазтә,33,58.3
2043,заглавие,33,58.3
2044,иаагоу,33,58.3
2045,тесла,33,58.3
2046,уельстәи,33,58.3
2047,агәы,32,56.5
2048,ҭыԥқәа,32,56.5
2049,хаз,32,56.5
2050,ахьӡ-аԥша,32,56.5
2051,гәыԥҩык,32,56.5
2052,атәылауаҩратә,32,56.5
2053,аӡбара,32,56.5
2054,атәылауаҩра,32,56.5
2055,ихигеит,32,56.5
2056,иԥсадгьыл,32,56.5
2057,ԥыҭрак,32,56.5
2058,акагьы,32,56.5
2059,даналҵ,32,56.5
2060,ила,32,56.5
2061,византиатәи,32,56.5
2062,еизыҟазаашьақәа,32,56.5
2063,аишьцәа,32,56.5
2064,адиалектқәа,32,56.5
2065,аҭыжьра,32,56.5
2066,вахтанг,32,56.5
2067,аҳаракыра,32,56.5
2068,ред,32,56.5
2069,оон,32,56.5
2070,ашәарҭадареи,32,56.5
2071,арасаӡыхь,32,56.5
2072,ашьапы,32,56.5
2073,рзинқәа,32,56.5
2074,мир,32,56.5
2075,иҩымҭа,32,56.5
2076,сандро,32,56.5
2077,лԥа,32,56.5
2078,хышықәса,32,56.5
2079,ирҿиамҭақәа,32,56.5
2080,афедеративтә,32,56.5
2081,ҩышықәса,32,56.5
2082,ааигәа,32,56.5
2083,адулара,32,56.5
2084,аҿырԥштәқәа,32,56.5
2085,данных,32,56.5
2086,пока,32,56.5
2087,универсального,32,56.5
2088,кодекса,32,56.5
2089,руководства,32,56.5
2090,ҳасабла,32,56.5
2091,рҿгьы,32,56.5
2092,аргентина,32,56.5
2093,создание,32,56.5
2094,рыдагьы,32,56.5
2095,аԥиҵеит,32,56.5
2096,ахаҳәтә,32,56.5
2097,торговый,32,56.5
2098,иԥсабаратәу,32,56.5
2099,рдинастиа,32,56.5
2100,иули,32,56.5
2101,ажьырны,32,56.5
2102,ианва,32,56.5
2103,хәажәкы,32,56.5
2104,нҳәа,32,56.5
2105,вгуст,32,56.5
2106,ԥхынҷкәы,32,56.5
2107,дека,32,56.5
2108,чили,32,56.5
2109,германиатәи,32,56.5
2110,аҿагылара,32,56.5
2111,акт,32,56.5
2112,отображается,32,56.5
2113,испаниатәи,32,56.5
2114,анемеццәа,32,56.5
2115,сафар-беи,32,56.5
2116,абаагәара,32,56.5
2117,ахылҵшьҭра,32,56.5
2118,ҭауади-аамсҭеи,32,56.5
2119,аагара,32,56.5
2120,карибтәи,32,56.5
2121,имаҷны,32,56.5
2122,апсида,32,56.5
2123,агьежьыра,32,56.5
2124,еиманы,32,56.5
2125,акоммунисттә,32,56.5
2126,премьера,32,56.5
2127,цәгьоуп,32,56.5
2128,бк,32,56.5
2129,ответственный,32,56.5
2130,аҭа,31,54.8
2131,амза,31,54.8
2132,мҩа,31,54.8
2133,араионқәа,31,54.8
2134,егьи,31,54.8
2135,цәаҳәа,31,54.8
2136,ирыԥхьаӡон,31,54.8
2137,хкқәа,31,54.8
2138,дыҟоуп,31,54.8
2139,даман,31,54.8
2140,георги,31,54.8
2141,атемақәа,31,54.8
2142,аҳасаб,31,54.8
2143,захьӡыз,31,54.8
2144,иԥшәмаԥҳәыс,31,54.8
2145,ҷыдақәа,31,54.8
2146,агәыргьын,31,54.8
2147,баҭым,31,54.8
2148,еиҿкаара,31,54.8
2149,рыхьӡ,31,54.8
2150,афилологиатә,31,54.8
2151,ацәикит,31,54.8
2152,иаартны,31,54.8
2153,џьонуа,31,54.8
2154,асаит,31,54.8
2155,бжьба,31,54.8
2156,роберт,31,54.8
2157,англиатәи,31,54.8
2158,указано,31,54.8
2159,кроме,31,54.8
2160,итог,31,54.8
2161,правил,31,54.8
2162,количество,31,54.8
2163,правоприменения,31,54.8
2164,страницах,31,54.8
2165,рыхьӡқәа,31,54.8
2166,зыхьӡыз,31,54.8
2167,авторс,31,54.8
2168,процесс,31,54.8
2169,вена,31,54.8
2170,аԥхьаҟа,31,54.8
2171,анцәақәа,31,54.8
2172,территория,31,54.8
2173,некоторых,31,54.8
2174,хынҩажәи,31,54.8
2175,ливиа,31,54.8
2176,апре,31,54.8
2177,сентиа,31,54.8
2178,ноиа,31,54.8
2179,пор,31,54.8
2180,алықьсандр,31,54.8
2181,иерусалим,31,54.8
2182,системақәа,31,54.8
2183,дыршьит,31,54.8
2184,ипиесақәа,31,54.8
2185,аимператортә,31,54.8
2186,стоит,31,54.8
2187,функция,31,54.8
2188,виде,31,54.8
2189,оқтиа,31,54.8
2190,аконсервациа,31,54.8
2191,баҟа,31,54.8
2192,иаԥыхыз,31,54.8
2193,содержит,31,54.8
2194,вд,31,54.8
2195,файла,31,54.8
2196,ацаҳ,31,54.8
2197,аҭалара,31,54.8
2198,шәлиман,31,54.8
2199,ак,30,53.0
2200,иазгәаҭоуп,30,53.0
2201,мшын,30,53.0
2202,иахьыҟоу,30,53.0
2203,аиҳарак,30,53.0
2204,захьӡу,30,53.0
2205,идҵала,30,53.0
2206,инеиԥынкыланы,30,53.0
2207,арра,30,53.0
2208,аидыслара,30,53.0
2209,аслан,30,53.0
2210,аԥсыжра,30,53.0
2211,зиҭоз,30,53.0
2212,иӡбеит,30,53.0
2213,доллар,30,53.0
2214,ихала,30,53.0
2215,ареферендум,30,53.0
2216,иҟамызт,30,53.0
2217,ишаҳәо,30,53.0
2218,иаагоуп,30,53.0
2219,анҭыҵ,30,53.0
2220,уажәшьҭа,30,53.0
2221,тема,30,53.0
2222,дуу,30,53.0
2223,ихаҭыԥуаҩыс,30,53.0
2224,функции,30,53.0
2225,связи,30,53.0
2226,португалиа,30,53.0
2227,пицунда,30,53.0
2228,своей,30,53.0
2229,зрения,30,53.0
2230,двух,30,53.0
2231,рартист,30,53.0
2232,убарҭ,30,53.0
2233,амҽхак,30,53.0
2234,акомпаниа,30,53.0
2235,абаҩхатәра,30,53.0
2236,хархәара,30,53.0
2237,создания,30,53.0
2238,алаҭын,30,53.0
2239,проектов,30,53.0
2240,менее,30,53.0
2241,возможно,30,53.0
2242,аҳәа,30,53.0
2243,др,30,53.0
2244,которой,30,53.0
2245,команды,30,53.0
2246,ааныжьны,30,53.0
2247,ҩынҩажәи,30,53.0
2248,аҳаирплан,30,53.0
2249,уҳәар,30,53.0
2250,тексте,30,53.0
2251,абираҟдырга,30,53.0
2252,ҳараку,30,53.0
2253,николаи-иԥа,30,53.0
2254,генрих,30,53.0
2255,ԥшьынҩажәи,30,53.0
2256,жәабра,30,53.0
2257,февра,30,53.0
2258,ҵаҟа,30,53.0
2259,иеиԥш,30,53.0
2260,амам,30,53.0
2261,иԥацәа,30,53.0
2262,сих,30,53.0
2263,вид,30,53.0
2264,английский,30,53.0
2265,голосовании,30,53.0
2266,модуль,30,53.0
2267,члены,30,53.0
2268,ахәмарра,30,53.0
2269,ефиопиа,30,53.0
2270,аҵакыра,30,53.0
2271,рыҭара,30,53.0
2272,аусхк,30,53.0
2273,выборам,30,53.0
2274,гиорги,30,53.0
2275,зықәшәаз,30,53.0
2276,первой,30,53.0
2277,џьвари,30,53.0
2278,платформа,30,53.0
2279,шрек,30,53.0
2280,авалли,30,53.0
2281,аҷкәын,29,51.2
2282,аӷа,29,51.2
2283,еибашьраан,29,51.2
2284,агеографиа,29,51.2
2285,аурым,29,51.2
2286,иаҳҭнықалақьуп,29,51.2
2287,ишьақәгылоу,29,51.2
2288,ахкқәа,29,51.2
2289,қә,29,51.2
2290,диасуеит,29,51.2
2291,ибон,29,51.2
2292,аахыҵ,29,51.2
2293,ҭырқәтәылатәи,29,51.2
2294,рминистрра,29,51.2
2295,дыруаӡәкын,29,51.2
2296,акомиссиа,29,51.2
2297,афорум,29,51.2
2298,азыҳәан,29,51.2
2299,амҷба,29,51.2
2300,апрофессор,29,51.2
2301,алықьса-иԥа,29,51.2
2302,иҳәон,29,51.2
2303,аԥсадгьыл,29,51.2
2304,зқәу,29,51.2
2305,иажәеинраалақәа,29,51.2
2306,адраматург,29,51.2
2307,дууп,29,51.2
2308,иақәиҭу,29,51.2
2309,гәыԥқәа,29,51.2
2310,рхатәы,29,51.2
2311,города,29,51.2
2312,ԥақәашь,29,51.2
2313,есышықәса,29,51.2
2314,беслан,29,51.2
2315,ачба,29,51.2
2316,рсфср,29,51.2
2317,свои,29,51.2
2318,амҩаԥгара,29,51.2
2319,баша,29,51.2
2320,иубоит,29,51.2
2321,аӷбақәа,29,51.2
2322,века,29,51.2
2323,асалам,29,51.2
2324,слева,29,51.2
2325,иугославиа,29,51.2
2326,адәахьтәи,29,51.2
2327,франциеи,29,51.2
2328,ранее,29,51.2
2329,аконтинентқәа,29,51.2
2330,агара,29,51.2
2331,ахаҳәқәа,29,51.2
2332,клуб,29,51.2
2333,заголовок,29,51.2
2334,внизу,29,51.2
2335,џьамтәыла,29,51.2
2336,асенат,29,51.2
2337,петербург,29,51.2
2338,право,29,51.2
2339,выборов,29,51.2
2340,класс,29,51.2
2341,издания,29,51.2
2342,аепископцәа,29,51.2
2343,строки,29,51.2
2344,подписи,29,51.2
2345,цитаты,29,51.2
2346,кац,29,51.2
2347,аизараду,29,51.2
2348,ижәытәӡатәиу,28,49.5
2349,нап,28,49.5
2350,адгьылҵакыра,28,49.5
2351,аԥшьа,28,49.5
2352,аӡын,28,49.5
2353,милаҭтә,28,49.5
2354,анапаҵаҟа,28,49.5
2355,ахәаахәҭратә,28,49.5
2356,ҳазҭагылоу,28,49.5
2357,ин,28,49.5
2358,виачеслав,28,49.5
2359,аҩхаа,28,49.5
2360,игәабзиара,28,49.5
2361,шамба,28,49.5
2362,аҩнуҵҟатәи,28,49.5
2363,иҟалараны,28,49.5
2364,идикылеит,28,49.5
2365,аӡынтәи,28,49.5
2366,ԥхьатәара,28,49.5
2367,ринститут,28,49.5
2368,аиуразы,28,49.5
2369,ахәшьара,28,49.5
2370,аҭыԥҳа,28,49.5
2371,шакәызгьы,28,49.5
2372,анцәахәқәа,28,49.5
2373,дыргылеит,28,49.5
2374,абызшәеи,28,49.5
2375,имҩаԥысыз,28,49.5
2376,николоз,28,49.5
2377,ешыра,28,49.5
2378,гәдоуҭатәи,28,49.5
2379,арҵаҩратә,28,49.5
2380,аҵараиура,28,49.5
2381,аныҳәа,28,49.5
2382,самсон,28,49.5
2383,шьақәыргылан,28,49.5
2384,сангәлиа,28,49.5
2385,ха,28,49.5
2386,администратора,28,49.5
2387,аргәын,28,49.5
2388,асҭамыр,28,49.5
2389,алексеи,28,49.5
2390,новый,28,49.5
2391,иҩу,28,49.5
2392,аимак,28,49.5
2393,шаҟа,28,49.5
2394,жизни,28,49.5
2395,шәара,28,49.5
2396,декабря,28,49.5
2397,проектах,28,49.5
2398,необходимости,28,49.5
2399,две,28,49.5
2400,маҵзура,28,49.5
2401,рыхьыӡқәа,28,49.5
2402,иҭаацәараҿы,28,49.5
2403,иаатит,28,49.5
2404,ахҳәаа,28,49.5
2405,канада,28,49.5
2406,дара-дара,28,49.5
2407,ашәыр,28,49.5
2408,начала,28,49.5
2409,уважением,28,49.5
2410,работе,28,49.5
2411,моцарт,28,49.5
2412,сербиа,28,49.5
2413,аконфликтқәа,28,49.5
2414,абарҭқәа,28,49.5
2415,еиҳараӡак,28,49.5
2416,оригинал,28,49.5
2417,ввс,28,49.5
2418,актиорцәа,28,49.5
2419,август,28,49.5
2420,таблицы,28,49.5
2421,ашьҭра,28,49.5
2422,аметрополитен,28,49.5
2423,апиесақәа,28,49.5
2424,ромеои,28,49.5
2425,акакәны,28,49.5
2426,аверсиа,28,49.5
2427,акәӡам,28,49.5
2428,справа,28,49.5
2429,чтение,28,49.5
2430,таких,28,49.5
2431,рио,28,49.5
2432,ианашьоуп,28,49.5
2433,рзын,28,49.5
2434,аҭӡамц,28,49.5
2435,аконцепциа,28,49.5
2436,чаиковски,28,49.5
2437,идырым,28,49.5
2438,аԥенџьырқәа,28,49.5
2439,ажрақәа,28,49.5
2440,ахышәара,28,49.5
2441,иԥсыз,28,49.5
2442,знак,28,49.5
2443,рзутәуп,28,49.5
2444,аныҳәарҭа,28,49.5
2445,определяет,28,49.5
2446,аҳԥҳа,28,49.5
2447,аа,27,47.7
2448,иныхабаа,27,47.7
2449,усбарҭақәа,27,47.7
2450,қәа,27,47.7
2451,риҵа,27,47.7
2452,москваҟа,27,47.7
2453,уаԥстәыла,27,47.7
2454,зныз,27,47.7
2455,гьаргь-иԥа,27,47.7
2456,иуеит,27,47.7
2457,гәакьа,27,47.7
2458,икандидатура,27,47.7
2459,аԥышәара,27,47.7
2460,мааҭ,27,47.7
2461,апатриарх,27,47.7
2462,ауахәамақәа,27,47.7
2463,ҭҵаарақәа,27,47.7
2464,инапаҿы,27,47.7
2465,уимоу,27,47.7
2466,еиқәхаз,27,47.7
2467,рхыԥхьаӡараҿы,27,47.7
2468,анбан,27,47.7
2469,рыҭҵаара,27,47.7
2470,ҟазҵаз,27,47.7
2471,аӡә,27,47.7
2472,ауадаҩрақәа,27,47.7
2473,усзуҩцәа,27,47.7
2474,апрезидиум,27,47.7
2475,азиуан,27,47.7
2476,ардзинба,27,47.7
2477,кто,27,47.7
2478,аҭынчратә,27,47.7
2479,инагӡаны,27,47.7
2480,франц,27,47.7
2481,ҭхьына,27,47.7
2482,ленинград,27,47.7
2483,архив,27,47.7
2484,аԥарақәа,27,47.7
2485,ԥасатәи,27,47.7
2486,аамҭалатәи,27,47.7
2487,абхазский,27,47.7
2488,анатоли,27,47.7
2489,аҭаацәаратә,27,47.7
2490,васили,27,47.7
2491,анаҭеит,27,47.7
2492,ныҟәара,27,47.7
2493,аиҳабыратә,27,47.7
2494,хаданы,27,47.7
2495,берлин,27,47.7
2496,иаҿын,27,47.7
2497,дҭахеит,27,47.7
2498,ааи,27,47.7
2499,имҩаԥыргоз,27,47.7
2500,ҳәагьы,27,47.7
2501,ирҳәоит,27,47.7
2502,буквы,27,47.7
2503,сможете,27,47.7
2504,акомпозитор,27,47.7
2505,бырзентәыла,27,47.7
2506,апринципқәа,27,47.7
2507,нобельтәи,27,47.7
2508,парижтәи,27,47.7
2509,венгриа,27,47.7
2510,данный,27,47.7
2511,образом,27,47.7
2512,категорий,27,47.7
2513,аҳкәажәду,27,47.7
2514,анапхгаҩцәа,27,47.7
2515,македониа,27,47.7
2516,иҿыцны,27,47.7
2517,ипиеса,27,47.7
2518,маракана,27,47.7
2519,аполлон,27,47.7
2520,аилахәыра,27,47.7
2521,аусуцәа,27,47.7
2522,аоперациатә,27,47.7
2523,лиутер,27,47.7
2524,рыҟаҵара,27,47.7
2525,иеиҭамҵуа,27,47.7
2526,иашьашәаланы,27,47.7
2527,лареи,27,47.7
2528,ахҵара,27,47.7
2529,абахҭа,27,47.7
2530,ахшыҩрҵара,27,47.7
2531,аҳс,27,47.7
2532,бзыԥтәи,26,45.9
2533,адиалект,26,45.9
2534,аҽы,26,45.9
2535,ишьақәыргылан,26,45.9
2536,ақәӡара,26,45.9
2537,аконтинент,26,45.9
2538,хырхарҭа,26,45.9
2539,едуард,26,45.9
2540,аԥшаара,26,45.9
2541,акомитет,26,45.9
2542,иусқәа,26,45.9
2543,адоуҳатә,26,45.9
2544,слова,26,45.9
2545,ахә,26,45.9
2546,аусумҭа,26,45.9
2547,аҭоурыхҭҵааҩцәа,26,45.9
2548,џьара,26,45.9
2549,астудентцәа,26,45.9
2550,иазгәеиҭоит,26,45.9
2551,иӡбахә,26,45.9
2552,аибашьцәа,26,45.9
2553,ҷыдалатәи,26,45.9
2554,европеи,26,45.9
2555,дауҭ,26,45.9
2556,анаукатә,26,45.9
2557,анри,26,45.9
2558,республики,26,45.9
2559,рҭыԥ,26,45.9
2560,еицырзеиԥшу,26,45.9
2561,бџьарла,26,45.9
2562,адепутатцәа,26,45.9
2563,зҳәо,26,45.9
2564,ашара,26,45.9
2565,шәантәыла,26,45.9
2566,ԥсоу,26,45.9
2567,ртәарҭа,26,45.9
2568,џьопуа,26,45.9
2569,литва,26,45.9
2570,раԥҵара,26,45.9
2571,ԥыхьатәи,26,45.9
2572,министр,26,45.9
2573,олег,26,45.9
2574,аусзуҩы,26,45.9
2575,аилак,26,45.9
2576,ахархәагақәа,26,45.9
2577,аперсонажцәа,26,45.9
2578,иԥсахит,26,45.9
2579,ԥшьышықәса,26,45.9
2580,ауада,26,45.9
2581,мини,26,45.9
2582,про,26,45.9
2583,афактқәа,26,45.9
2584,ахәмаррақәа,26,45.9
2585,ишыҟоу,26,45.9
2586,новой,26,45.9
2587,обсуждений,26,45.9
2588,аныҟәара,26,45.9
2589,аусурақәа,26,45.9
2590,игылан,26,45.9
2591,аҷыдарақәа,26,45.9
2592,социалисттә,26,45.9
2593,кн,26,45.9
2594,серия,26,45.9
2595,раҳасабала,26,45.9
2596,ошибке,26,45.9
2597,новые,26,45.9
2598,австриатәи,26,45.9
2599,ашәарҭадаратә,26,45.9
2600,зылшо,26,45.9
2601,ҳамҭас,26,45.9
2602,аамсҭацәа,26,45.9
2603,иаартуп,26,45.9
2604,лыхьӡ,26,45.9
2605,аполициа,26,45.9
2606,франции,26,45.9
2607,момент,26,45.9
2608,синтаксис,26,45.9
2609,разделов,26,45.9
2610,аҳраду,26,45.9
2611,ны,26,45.9
2612,ажьа,26,45.9
2613,линий,26,45.9
2614,работает,26,45.9
2615,конная,26,45.9
2616,одной,26,45.9
2617,кипр,26,45.9
2618,о-в,26,45.9
2619,раздела,26,45.9
2620,басариа,26,45.9
2621,ажәахә,26,45.9
2622,англызцәа,26,45.9
2623,амчрақәа,26,45.9
2624,идгылаҩцәа,26,45.9
2625,обратите,26,45.9
2626,отбора,26,45.9
2627,аҳмада,26,45.9
2628,анаԥынҵамҭа,26,45.9
2629,жорж,26,45.9
2630,афина,26,45.9
2631,ссср-и,26,45.9
2632,видео,26,45.9
2633,зыԥшра,26,45.9
2634,агыртәыла,26,45.9
2635,идыргылеит,26,45.9
2636,еммануель,26,45.9
2637,аҭӡқәа,26,45.9
2638,кәрыкь,26,45.9
2639,амутациа,26,45.9
2640,позиция,26,45.9
2641,нӡа,25,44.2
2642,гимн,25,44.2
2643,рҭаацәараҿы,25,44.2
2644,ҟанаҵоит,25,44.2
2645,адиаспора,25,44.2
2646,ареспубликақәа,25,44.2
2647,бганба,25,44.2
2648,знык,25,44.2
2649,комиссиа,25,44.2
2650,аҟалара,25,44.2
2651,закәанла,25,44.2
2652,рҳәоит,25,44.2
2653,ашәышықәсазтәи,25,44.2
2654,урысшәала,25,44.2
2655,акәзаргьы,25,44.2
2656,афеодалтә,25,44.2
2657,зеиԥш,25,44.2
2658,рыжәла,25,44.2
2659,амчқәа,25,44.2
2660,анҵамҭақәа,25,44.2
2661,пату,25,44.2
2662,дравторуп,25,44.2
2663,ирызкыз,25,44.2
2664,анализ,25,44.2
2665,шервашиӡе,25,44.2
2666,ди,25,44.2
2667,иаалырҟьаны,25,44.2
2668,метрак,25,44.2
2669,сайт,25,44.2
2670,дарбанзаалак,25,44.2
2671,рыда,25,44.2
2672,зхыҵуа,25,44.2
2673,инапаҵаҟа,25,44.2
2674,адәыӷба,25,44.2
2675,ахьӡуп,25,44.2
2676,файлов,25,44.2
2677,платон,25,44.2
2678,ԥшьҩык,25,44.2
2679,ахьыҟаз,25,44.2
2680,арҵаҩы,25,44.2
2681,ҟалаанӡатәи,25,44.2
2682,официалтә,25,44.2
2683,еиҳаны,25,44.2
2684,афлот,25,44.2
2685,добавить,25,44.2
2686,спасибо,25,44.2
2687,амҩақәа,25,44.2
2688,адраматә,25,44.2
2689,джуп,25,44.2
2690,раҳра,25,44.2
2691,антикатәи,25,44.2
2692,транспорт,25,44.2
2693,ауриа,25,44.2
2694,всегда,25,44.2
2695,ахырхарҭақәа,25,44.2
2696,лиудовик,25,44.2
2697,иҭынха,25,44.2
2698,аппарат,25,44.2
2699,аҵлақәа,25,44.2
2700,согласно,25,44.2
2701,хәҭакала,25,44.2
2702,данные,25,44.2
2703,лоуп,25,44.2
2704,агәыԥқәа,25,44.2
2705,автора,25,44.2
2706,венециатәи,25,44.2
2707,версии,25,44.2
2708,котором,25,44.2
2709,него,25,44.2
2710,европаа,25,44.2
2711,создании,25,44.2
2712,различных,25,44.2
2713,ддәықәлеит,25,44.2
2714,ӷба,25,44.2
2715,иаҵаҩуп,25,44.2
2716,аоперациа,25,44.2
2717,атәылақәеи,25,44.2
2718,мҩаԥигеит,25,44.2
2719,аҵакырадгьылаҿ,25,44.2
2720,викисклад,25,44.2
2721,азалтә,25,44.2
2722,апараметрқәа,25,44.2
2723,хәыхәыт,25,44.2
2724,арепертуар,25,44.2
2725,еи,24,42.4
2726,ажә,24,42.4
2727,агыруа,24,42.4
2728,аамсҭа,24,42.4
2729,абхазского,24,42.4
2730,гәылрыԥшь,24,42.4
2731,иреиҳауп,24,42.4
2732,ҩны,24,42.4
2733,имгакәа,24,42.4
2734,ибзоурала,24,42.4
2735,станциа,24,42.4
2736,ицоит,24,42.4
2737,апассаџьыртә,24,42.4
2738,хыԥхьаӡарала,24,42.4
2739,иалагаз,24,42.4
2740,еиҳауп,24,42.4
2741,ҵла,24,42.4
2742,алагамҭаз,24,42.4
2743,ашьхарыуаа,24,42.4
2744,ихаҭыԥуаҩс,24,42.4
2745,азхаҵара,24,42.4
2746,алхратә,24,42.4
2747,мчы,24,42.4
2748,ахылаԥшра,24,42.4
2749,ҭырқтәыла,24,42.4
2750,алгара,24,42.4
2751,нызықьҩык,24,42.4
2752,ииасуеит,24,42.4
2753,иполитикатә,24,42.4
2754,алшон,24,42.4
2755,рыманы,24,42.4
2756,лаша,24,42.4
2757,ауан,24,42.4
2758,рыӡбахә,24,42.4
2759,политикатә,24,42.4
2760,ишырҳәо,24,42.4
2761,виктор,24,42.4
2762,хаҵа,24,42.4
2763,ҳаамҭазы,24,42.4
2764,рсахьақәа,24,42.4
2765,аизга,24,42.4
2766,аҭоурыхдырҩы,24,42.4
2767,аҳәынҭқарратәи,24,42.4
2768,иҟам,24,42.4
2769,мцхеҭа,24,42.4
2770,аберҭыԥтә,24,42.4
2771,ичын,24,42.4
2772,дуны,24,42.4
2773,тҟәарчалтәи,24,42.4
2774,саӡны,24,42.4
2775,илшоит,24,42.4
2776,арҿиаратә,24,42.4
2777,иҿаԥхьа,24,42.4
2778,руаӡәк,24,42.4
2779,иалхрақәа,24,42.4
2780,норвегиа,24,42.4
2781,сан,24,42.4
2782,баслахә,24,42.4
2783,рыбзоурала,24,42.4
2784,жәеиза,24,42.4
2785,портал,24,42.4
2786,названий,24,42.4
2787,записи,24,42.4
2788,ҩажәижәаба,24,42.4
2789,асааҭ,24,42.4
2790,жәи,24,42.4
2791,россия,24,42.4
2792,гәында,24,42.4
2793,дааит,24,42.4
2794,атрагедиа,24,42.4
2795,жәашықәса,24,42.4
2796,аҩымҭа,24,42.4
2797,ганкахьала,24,42.4
2798,аҳәаанырцә,24,42.4
2799,аҭыжьымҭа,24,42.4
2800,ипремиа,24,42.4
2801,зынӡагьы,24,42.4
2802,аиҭеит,24,42.4
2803,еидызкыло,24,42.4
2804,атема,24,42.4
2805,рганахь,24,42.4
2806,иаԥиҵоит,24,42.4
2807,барселона,24,42.4
2808,лондонтәи,24,42.4
2809,ҟарҵон,24,42.4
2810,агәҭа,24,42.4
2811,зқьи,24,42.4
2812,аџьаз,24,42.4
2813,ҧхынгәы,24,42.4
2814,создать,24,42.4
2815,которого,24,42.4
2816,ԥхьаҟатәи,24,42.4
2817,иану,24,42.4
2818,мексика,24,42.4
2819,абнақәа,24,42.4
2820,ааԥын,24,42.4
2821,последний,24,42.4
2822,музыка,24,42.4
2823,ахықәкы,24,42.4
2824,аднакылеит,24,42.4
2825,перу,24,42.4
2826,дыруаӡәкуп,24,42.4
2827,имамызт,24,42.4
2828,аҟазацәа,24,42.4
2829,ахыркәшара,24,42.4
2830,еицырдыруеит,24,42.4
2831,асаркьа,24,42.4
2832,шаҳаҭра,24,42.4
2833,раз,24,42.4
2834,желательно,24,42.4
2835,инеит,24,42.4
2836,аобласт,24,42.4
2837,три,24,42.4
2838,государства,24,42.4
2839,себя,24,42.4
2840,рԥыза,24,42.4
2841,ацәа,24,42.4
2842,ирҿиамҭа,24,42.4
2843,иахьанӡа,24,42.4
2844,арегент,24,42.4
2845,адольф,24,42.4
2846,ҭамар,24,42.4
2847,гвинеиа,24,42.4
2848,традициала,24,42.4
2849,иҟаҵоуп,24,42.4
2850,проекты,24,42.4
2851,теме,24,42.4
2852,бомба,24,42.4
2853,апровинциақәа,24,42.4
2854,ирылагеит,24,42.4
2855,рнапахьы,24,42.4
2856,ииашоу,24,42.4
2857,ареформақәа,24,42.4
2858,бџьар,24,42.4
2859,строку,24,42.4
2860,бырзентәи,24,42.4
2861,примечаний,24,42.4
2862,ахьынҷха,24,42.4
2863,цырӷызра,24,42.4
2864,уԥылоит,23,40.6
2865,ԥсҳәы,23,40.6
2866,агырцәа,23,40.6
2867,аҳҭны,23,40.6
2868,аазырԥшуа,23,40.6
2869,массала,23,40.6
2870,арелиеф,23,40.6
2871,ацара,23,40.6
2872,ал,23,40.6
2873,гагәылиа,23,40.6
2874,амилаҭра,23,40.6
2875,наука,23,40.6
2876,ԥсыхәа,23,40.6
2877,аанкылара,23,40.6
2878,артист,23,40.6
2879,алхыҩцәа,23,40.6
2880,иус,23,40.6
2881,аиҭон,23,40.6
2882,еиҿикааит,23,40.6
2883,азиеи,23,40.6
2884,макьана,23,40.6
2885,сҭампыл,23,40.6
2886,аԥсуааи,23,40.6
2887,ауаҩ,23,40.6
2888,иоуеит,23,40.6
2889,зықьҩыла,23,40.6
2890,иҷкәын,23,40.6
2891,аԥҵамҭақәа,23,40.6
2892,ианыԥшуеит,23,40.6
2893,тб,23,40.6
2894,сухуми,23,40.6
2895,алахәылас,23,40.6
2896,аҳәынҭқаррақәеи,23,40.6
2897,мчрақәа,23,40.6
2898,азинтә,23,40.6
2899,азакәанԥҵаратә,23,40.6
2900,аҿҳәара,23,40.6
2901,иахәаԥшуеит,23,40.6
2902,аҭаны,23,40.6
2903,рызҵаарақәа,23,40.6
2904,аанкыларазы,23,40.6
2905,ахәбатәи,23,40.6
2906,аԥышәа,23,40.6
2907,даниа,23,40.6
2908,ватикан,23,40.6
2909,кындыӷ,23,40.6
2910,егры,23,40.6
2911,дәрыԥшь,23,40.6
2912,аетимологиа,23,40.6
2913,лагәлаа,23,40.6
2914,усзуҩ,23,40.6
2915,изменений,23,40.6
2916,возможности,23,40.6
2917,афинансқәа,23,40.6
2918,чечентәыла,23,40.6
2919,иури-иԥа,23,40.6
2920,иҭыжьын,23,40.6
2921,инаҭеит,23,40.6
2922,иҭнажьит,23,40.6
2923,дула,23,40.6
2924,март,23,40.6
2925,арежиссиор,23,40.6
2926,уаҩ,23,40.6
2927,аԥшәма,23,40.6
2928,реизыҟазаашьа,23,40.6
2929,убра,23,40.6
2930,вп,23,40.6
2931,вопрос,23,40.6
2932,языковых,23,40.6
2933,хотите,23,40.6
2934,таким,23,40.6
2935,ажәалагала,23,40.6
2936,ахархәарала,23,40.6
2937,армарахьтәи,23,40.6
2938,акрызҵазкуаз,23,40.6
2939,ацынхәрас,23,40.6
2940,иазҳауеит,23,40.6
2941,абаашқәа,23,40.6
2942,аҭбаара,23,40.6
2943,ахьӡқәа,23,40.6
2944,шьоукы,23,40.6
2945,ҩадатәи,23,40.6
2946,данной,23,40.6
2947,порядке,23,40.6
2948,другом,23,40.6
2949,изд,23,40.6
2950,аԥҵаҩы,23,40.6
2951,аусеицуреи,23,40.6
2952,мзызс,23,40.6
2953,аҭаацәарақәа,23,40.6
2954,амаҵ,23,40.6
2955,иаарԥшу,23,40.6
2956,аԥырра,23,40.6
2957,аклассикатә,23,40.6
2958,лахь,23,40.6
2959,тәии,23,40.6
2960,запись,23,40.6
2961,использовании,23,40.6
2962,виетнамтәи,23,40.6
2963,еиқәаҵәақәа,23,40.6
2964,кәыдрытәи,23,40.6
2965,открыт,23,40.6
2966,ричард,23,40.6
2967,слов,23,40.6
2968,еиҭах,23,40.6
2969,акоманда,23,40.6
2970,зеиԥшроу,23,40.6
2971,еилаԥсоу,23,40.6
2972,теги,23,40.6
2973,аредакциа,23,40.6
2974,кассио,23,40.6
2975,арацәа,23,40.6
2976,верди,23,40.6
2977,такое,23,40.6
2978,начале,23,40.6
2979,модуля,23,40.6
2980,вопросов,23,40.6
2981,числе,23,40.6
2982,способ,23,40.6
2983,из-за,23,40.6
2984,аиуристтә,23,40.6
2985,абазилика,23,40.6
2986,москве,23,40.6
2987,мачу-пикчу,23,40.6
2988,византиа,23,40.6
2989,ашьақәыргыларазы,23,40.6
2990,револиуциа,23,40.6
2991,аеллин,23,40.6
2992,аҭынхара,23,40.6
2993,корсика,23,40.6
2994,иҩызцәа,23,40.6
2995,қәԥара,23,40.6
2996,дырҩегьых,23,40.6
2997,миллионк,23,40.6
2998,таџьықьсҭан,23,40.6
2999,анапахьы,23,40.6
3000,иҟазаара,23,40.6
